Rack_(torture) 	Shoe 	118.0
Rack_(torture) 	Tire 	311.0
Phone_sex 	Pornography 	155.0
Meds 	Pet 	238.0
Delete_key 	Stage_name 	109.0
Gin 	Jungle 	419.0
Dallas_Cowboys 	Texas 	139.0
Swingers_(1996_film) 	True_Stories_(film) 	128.0
Kayla 	Mize,_Mississippi 	105.0
Anna_Nicole_Smith 	Nudity 	140.0
Honda 	Motorcycle_components 	189.0
Honda 	Motorcycle 	150.0
Finder_(software) 	Pet 	232.0
Finder_(software) 	Freind 	136.0
Department_of_Motor_Vehicles 	Florida 	103.0
Glass 	Pottery 	126.0
Energy 	Enterra_Vipre 	117.0
Atlanta 	Craigslist 	237.0
Atlanta 	Georgia_(U.S._state) 	156.0
Family_(biology) 	List_of_Invader_Zim_characters 	114.0
Family_(biology) 	Ohio 	114.0
Family_(biology) 	Incest 	102.0
Family_(biology) 	Watchdog_(TV_series) 	129.0
Family_(biology) 	Online_chat 	119.0
Diaper 	Plastic 	113.0
Charleston,_South_Carolina 	South_Carolina 	150.0
Jeep 	Stephen_J._Pyne 	249.0
Jeep 	Jeep_four-wheel-drive_systems 	101.0
Celebrity 	Infant 	110.0
Celebrity 	Nudity 	530.0
Celebrity 	Hairstyle 	105.0
Celebrity 	Hairstyles 	277.0
Celebrity 	Gossip 	160.0
Celebrity 	Robbs 	109.0
Harley-Davidson 	Online_chat 	163.0
Harley-Davidson 	Motorcycle 	109.0
Domino_Recording_Company 	Pizza 	133.0
Candy 	Molding_(process) 	145.0
Cartoon_Network 	World_Wide_Web 	122.0
Barrel 	Crate 	187.0
Mower 	Zero-turn_mower 	204.0
Tractor 	Yesterdays_(1933_song) 	233.0
Antique 	Tractor 	152.0
Nursing 	Trivia 	106.0
Shack 	Sperm 	381.0
Candice_Michelle 	Nudity 	281.0
Nausicaa 	Wind 	304.0
André_Messager 	Yahoo! 	132.0
Invention 	United_States 	331.0
Motorcycle 	Suzuki 	121.0
Motorcycle 	Trailer_(promotion) 	232.0
Composer 	Koji_Nakano_(composer) 	102.0
Fidelity 	World_Wide_Web 	109.0
Days_of_our_Lives 	Spoiler_(aeronautics) 	310.0
Sermon 	Sport_Club_Corinthians_Paulista 	137.0
Bankruptcy 	Unsecured_debt 	108.0
Dragon_Ball 	Pornography 	137.0
Dragon_Ball 	Trunks_(Dragon_Ball) 	126.0
Dragon_Ball 	Sailor_Moon 	137.0
Prisoner_(TV_series) 	Strip_search 	107.0
Jermaine_Jackson 	Walters,_Oklahoma 	335.0
Harry_Potter 	Harry_Potter_and_the_Goblet_of_Fire 	148.0
Delta_Dental 	Michigan 	116.0
Maryland 	Ocean_City,_Maryland 	471.0
Handjob 	Heterosexuality 	109.0
Panic 	Shanghai 	174.0
Chat_room 	Senior_citizen 	128.0
Chat_room 	Gay 	131.0
Lotto_Sport_Italia 	Michigan 	113.0
Democratic_Party_(United_States) 	Obituary 	108.0
Democratic_Party_(United_States) 	Johnstown,_Pennsylvania 	108.0
Democratic_Party_(United_States) 	Tribune 	108.0
Democratic_Party_(United_States) 	Pā_(Māori) 	108.0
Latin 	Pussy 	161.0
Latin 	Translation 	147.0
Latin 	Prostitution 	132.0
Box_Elder_County,_Utah 	Software_bug 	123.0
Pug 	Puppy 	123.0
Pug 	Village 	220.0
Big_Shot_(song) 	Roulette 	164.0
Kuma_River_(Russia) 	Sūtra 	112.0
German_Shepherd 	Puppy 	170.0
Discounts_and_allowances 	Fare 	119.0
Discounts_and_allowances 	List_of_auto_parts 	108.0
Discounts_and_allowances 	Shoe 	165.0
Discounts_and_allowances 	Tire 	244.0
Discounts_and_allowances 	Furniture 	252.0
Stocking 	Teasing 	426.0
401(k) 	Fidelity 	154.0
401(k) 	World_Wide_Web 	163.0
Bed_and_breakfast 	Key_West,_Florida 	116.0
Swimsuit 	Vix,_Côte-d'Or 	102.0
Montgomery_County,_Maryland 	Ohio 	127.0
Marlboro_(cigarette) 	Mass 	145.0
Greetings_(1968_film) 	Yahoo! 	181.0
Ohio 	U.S._state 	253.0
Ohio 	Tax 	111.0
Domestic_pig 	Pork 	117.0
Donkey 	Phat_(comics) 	154.0
Donkey 	Nudity 	148.0
Donkey 	Panties 	112.0
Donkey 	Race_and_ethnicity_in_the_United_States_Census 	338.0
Donkey 	Parade 	494.0
Mobile_phone 	Motorola 	121.0
Mobile_phone 	Prepaid_mobile_phone 	166.0
AirAsia 	Ticker_tape 	171.0
2006_World_Baseball_Classic 	Alabama 	179.0
Adolescent_sexuality 	Russian_language 	143.0
Hardcore_punk 	Junkie_(novel) 	256.0
Airplane 	Midwestern_United_States 	136.0
Hentai 	Naruto 	108.0
Hentai 	Teen_Titans 	107.0
Dickie_Bird 	Virgin_Records 	142.0
Anal_sex 	Pornography 	136.0
Brown_Shoe 	Shoe 	197.0
Myspace 	Polka_dot 	102.0
Myspace 	Top_14 	144.0
Myspace 	Pimp 	465.0
Myspace 	World_Wide_Web 	6571.0
One_Life_to_Live 	Spoiler_(aeronautics) 	161.0
Harris_County,_Texas 	Real_estate_appraisal 	114.0
Pilates 	Winsor,_Hampshire 	114.0
Dollz 	Mania 	138.0
Mermaid 	Tattoo 	105.0
Goo_(album) 	World_Wide_Web 	132.0
Jewellery 	Wholesale 	101.0
Fourth_grade 	Geometry 	115.0
Chihuahua_(state) 	Teacup 	119.0
Exhaust_system 	Porsche 	109.0
Game_Boy_Advance 	Read-only_memory 	249.0
Sonya_Mitchell 	Zeigler,_Illinois 	141.0
Match.com 	World_Wide_Web 	127.0
Spades 	Yahoo! 	135.0
Looting 	Race_and_ethnicity_in_the_United_States_Census 	796.0
Looting 	Onion 	334.0
I._A._Richards 	Thumbnail 	149.0
Augustine_of_Hippo 	Florida 	104.0
Bee 	Tumble,_Carmarthenshire 	300.0
Test_cricket 	Typing 	884.0
Departments_of_France 	Jerry_M._Patterson 	194.0
Departments_of_France 	Ohio 	225.0
Departments_of_France 	Family_(biology) 	114.0
Departments_of_France 	Tax 	111.0
Departments_of_France 	Walt_Disney_World 	194.0
Ask.com 	World_Wide_Web 	250.0
Fairy 	Tattoo 	138.0
Fairy 	Wallpaper 	205.0
American_Airlines 	World_Wide_Web 	135.0
Galium_odoratum 	Suzan 	168.0
Yahoo! 	Yellow_pages 	221.0
Yahoo! 	Yahoo! 	125.0
Alta,_Norway 	Gay 	103.0
Chord_(music) 	Guitar 	392.0
Disney's_Polynesian_Resort 	The_Walt_Disney_Company 	110.0
Model_(profession) 	Preadolescence 	111.0
Lebanon 	Lobbying 	206.0
Spanking 	Spanking 	171.0
Credit_card 	Steeplechase 	509.0
Clip_art 	Easter 	288.0
Clip_art 	Microsoft 	170.0
Nevada 	Reno,_Nevada 	156.0
Survivor_(TV_series) 	Survivor_(U.S._TV_series) 	149.0
Asphyxia 	Snuff 	136.0
.tz 	Yamaha_Corporation 	295.0
Annie_(musical) 	Letter_box 	256.0
Ie,_Okinawa 	Toolbar 	200.0
Bedding 	Discounts_and_allowances 	110.0
Familia_(literary_magazine) 	Polanco,_Mexico_City 	129.0
New_Jersey 	Wildwood,_New_Jersey 	126.0
New_Jersey 	Plastic_surgery 	212.0
Kerala 	Online_chat 	181.0
Prada 	Shoe 	128.0
Pen_pal 	Prison 	147.0
Charmed 	Spoiler_(aeronautics) 	158.0
Pizza 	Sausage 	114.0
Marvin_Gaye 	Tab_(GUI) 	208.0
Kim_Possible 	Pornography 	172.0
Free_Live! 	Webcam 	345.0
Free_Live! 	Sex 	147.0
Budweiser_(Anheuser-Busch) 	Steins,_New_Mexico 	111.0
Cosenza 	Devon 	170.0
Abdomen 	Tuck_(sewing) 	133.0
Portal_(video_game) 	Preadolescence 	197.0
Anatomy 	John_Edward_Gray 	104.0
Aubrey,_Texas 	John_W._R._Taylor 	142.0
Erotica 	Moving_Picture_Experts_Group 	200.0
Chanel 	Handbag 	225.0
Chanel 	The_Walt_Disney_Company 	405.0
Television 	Theme_music 	1142.0
Installation_(computer_programs) 	New_York 	122.0
Ken_Duro_Ifill 	Sexo,_pudor_y_lágrimas 	137.0
Trailer_(promotion) 	XXX_(film) 	106.0
Trailer_(promotion) 	Utility 	238.0
Leave_and_Earnings_Statement 	Mil_Moscow_Helicopter_Plant 	104.0
Dollar_Thrifty_Automotive_Group 	Nickel 	162.0
Disease 	Parkinson_(TV_series) 	115.0
Disease 	Paget_Parish 	108.0
Chicken_fight 	Pool_Party_(The_Office) 	107.0
BellSouth 	Email 	112.0
BellSouth 	Telephone_directory 	120.0
Skull 	Tattoo 	101.0
Cake 	Eucharist 	108.0
Cake 	Easter 	101.0
Cake 	Diaper 	104.0
Livestock 	Mating 	121.0
Las_Vegas 	Nevada 	165.0
Mexico 	Pharmacy 	115.0
Midland,_Texas 	Telegraphy 	162.0
Jeans 	Patas_monkey 	151.0
Greece 	Lemnos 	142.0
Blue_Mountain_(Pennsylvania) 	Greeting_card 	110.0
Grandparent 	Nudity 	123.0
Grandparent 	Hirsutism 	104.0
New_Jersey_Legislative_Districts,_2001_apportionment 	The_Colorado_Springs_School 	167.0
Instant_messaging 	Skype 	126.0
Instant_messaging 	Yahoo! 	126.0
Horse 	Trailer_(promotion) 	171.0
Horse 	Sex 	198.0
Music_tracker 	Myspace 	454.0
Hunting 	MILF_(slang) 	434.0
Author 	Romance_film 	106.0
Author 	Kimberly,_Wisconsin 	106.0
Author 	Logan,_Utah 	106.0
Air_gun 	Hunting 	279.0
Illinois 	Lotto_Sport_Italia 	153.0
Illinois 	U.S._state 	227.0
Lindsay_Lohan 	Nudity 	135.0
Printer_(computing) 	Seiko_Epson 	174.0
Carmen_Electra 	Nudity 	259.0
Fantasy_baseball 	Yahoo! 	535.0
Dicks 	Race_and_ethnicity_in_the_United_States_Census 	128.0
Bird 	Cages 	121.0
Texas 	Śrem 	172.0
Texas 	Waco,_Texas 	139.0
Texas 	U.S._state 	163.0
Texas 	Workforce 	111.0
Nick_Jr._(block) 	Zoey_101 	117.0
Nick_Jr._(block) 	World_Wide_Web 	243.0
Barnes,_London 	Nobility 	563.0
Muscle 	World_Wide_Web 	184.0
Race_and_ethnicity_in_the_United_States_Census 	Uh_Oh!_(game_show) 	133.0
Race_and_ethnicity_in_the_United_States_Census 	Wentworth_Miller 	119.0
Race_and_ethnicity_in_the_United_States_Census 	Transsexualism 	105.0
Race_and_ethnicity_in_the_United_States_Census 	Sex 	442.0
23rd_Infantry_Division_(United_States) 	Japanese_idol 	186.0
College_football 	The_Ann_Arbor_News 	107.0
Herb 	Vest 	309.0
AOL 	Flying_ace 	142.0
AOL 	Safety_(American_and_Canadian_football_position) 	108.0
AOL 	Driver_Ed_(Veronica_Mars) 	114.0
AOL 	Pogo_(comic_strip) 	423.0
AOL 	Telephone_number 	112.0
AOL 	Spyware 	133.0
AOL 	Rom_(comics) 	108.0
AOL 	Adobe_Flash 	126.0
AOL 	Substance_dependence 	1158.0
AOL 	El_Cid 	121.0
AOL 	Yahoo! 	417.0
Energy_Brands 	Third_grade 	101.0
Jobster 	World_Wide_Web 	141.0
Garden_of_Eden 	Gay 	122.0
Erie,_Pennsylvania 	General_Electric 	103.0
Jeff_Fatt 	The_Wiggle 	154.0
Jessica_Simpson 	Nudity 	463.0
Jessica_Simpson 	Shoe 	121.0
Cat 	Loader_(equipment) 	225.0
CBS_Interactive 	Ie,_Okinawa 	200.0
CBS_Interactive 	Family_(biology) 	276.0
CBS_Interactive 	Toolbar 	200.0
CBS_Interactive 	Google 	102.0
Handbag 	Replica 	133.0
Magic_(paranormal) 	The_Gathering_(band) 	103.0
Magic_(paranormal) 	Mirror 	102.0
Alias_Smith_and_Jones 	Fan_fiction 	124.0
Car_rental 	USS_Enterprise_(NCC-1701) 	105.0
Car_rental 	Hertz 	112.0
As_(Roman_coin) 	Spanking 	167.0
As_(Roman_coin) 	Breast 	125.0
Cholesterol 	National_Diet 	105.0
Butts_County,_Georgia 	Liquid_bubble 	222.0
Butts_County,_Georgia 	Nice 	140.0
Ashanti_(entertainer) 	Nudity 	109.0
Heel_(professional_wrestling) 	Pain 	125.0
Infant 	Pussy 	106.0
Infant 	MTV_Cribs 	241.0
Infant 	Stuff_(magazine) 	149.0
Telephone 	Telephone_numbering_plan 	112.0
Telephone 	Telephone_directory 	118.0
Daily_Times_(Pakistan) 	Noblesville,_Indiana 	110.0
Rat 	Roman_triumph 	154.0
Replica 	Sunglasses 	102.0
Big_Black 	Tit_(bird) 	110.0
Big_Black 	Dicks 	154.0
Big_Black 	Looting 	106.0
Carmen_Sandiego 	Where_in_the_World_(UK_game_show) 	190.0
Adobe_Flash 	No_Deposit,_No_Return 	140.0
Adobe_Flash 	Rack_(torture) 	138.0
Adobe_Flash 	CHiPs 	111.0
Adobe_Flash 	Arcade_game 	106.0
Platinum 	Romance_film 	213.0
Coldwell_Banker 	Real_estate 	102.0
Greenbay 	Press_Gazette 	126.0
Rose 	Tattoo 	145.0
Museum 	Natural_history 	183.0
Poodle 	Teacup 	132.0
Jokers_Wild_(band) 	Poker 	404.0
New_Balance 	Shoe 	151.0
Vagina 	Wart 	116.0
Columbia,_South_Carolina 	University_of_Missouri 	103.0
Cancer_signs_and_symptoms 	Colon_(anatomy) 	108.0
Tyra_Banks 	Wallpaper 	101.0
Apache_Junction,_Arizona 	Arizona 	161.0
San_Antonio 	Texas 	193.0
Malibu,_California 	String_instrument 	127.0
Bank_of_America 	Online_banking 	209.0
Bank_of_America 	World_Wide_Web 	564.0
Michigan 	U.S._state 	318.0
Lesson_plan 	Preschool_education 	141.0
Celebrity_sex_tape 	Kid_Rock 	130.0
Celebrity_sex_tape 	Eve_(entertainer) 	152.0
China 	Natal_chart 	282.0
China 	Gender 	142.0
China 	Reps 	404.0
Breast 	Lanas 	178.0
Breast 	Lana,_South_Tyrol 	113.0
Rabbit 	Wallace_and_Gromit 	173.0
Jenna_Jameson 	Nudity 	114.0
Cartoon 	Nudity 	107.0
Slingo 	Xpress_(TV_series) 	323.0
Jonesboro,_Arkansas 	Sun 	110.0
Kimberly,_Wisconsin 	Romance_film 	106.0
Kimberly,_Wisconsin 	Sin 	588.0
Kimberly,_Wisconsin 	Logan,_Utah 	1155.0
Bainbridge,_Georgia 	Searchlight 	101.0
Citibank 	MasterCard 	146.0
Big_Ass 	Fat 	145.0
Britney_Spears 	Pregnancy 	137.0
Britney_Spears 	Nudity 	359.0
Bamboo 	Fences_(play) 	119.0
400s_(decade) 	Suzuki 	101.0
Drawing 	Lottery 	108.0
Drawing 	Texas 	108.0
Myrtle_Beach,_South_Carolina 	South_Carolina 	181.0
Etiquette 	Wedding 	131.0
Family_Guy 	Pornography 	103.0
Bleeding 	Implantation_(human_embryo) 	148.0
Boston 	Real_estate 	200.0
Boston 	Craigslist 	626.0
Boston 	Refrigerator_car 	383.0
Calculator 	Due_Date 	146.0
Calculator 	Ovulation 	165.0
Calculator 	Mortgage_loan 	242.0
Calculator 	Loan 	119.0
Calculator 	Loan_(sports) 	395.0
Calculator 	Pregnancy 	139.0
Calculator 	Pascal_(unit) 	132.0
Galveston,_Texas 	Texas 	150.0
Fruit_preserves 	Turbocharger 	265.0
RE/MAX 	Real_estate 	168.0
Obituary 	Tribune 	108.0
Obituary 	Pā_(Māori) 	108.0
Bashment 	Steely_&_Clevie 	145.0
Dolly_Parton 	Nudity 	157.0
Ornament_(art) 	Thomas_Blackshear 	101.0
Anthony_Field 	The_Wiggle 	264.0
Prom 	Shoe 	269.0
Prom 	Tiffany_(singer) 	112.0
Hookah 	Tobacco 	105.0
Jai_alai 	Miami 	109.0
Anna_Kournikova 	Bikini 	136.0
Sleeper_(1973_film) 	Wrestling 	103.0
Bukkake 	Jizz_(birding) 	103.0
Cute_(Japanese_band) 	Myspace 	196.0
Hotel_New_York 	Hudson,_New_York 	155.0
CNET 	Newport,_Rhode_Island 	135.0
Diamond 	Sportsbook 	156.0
American_Stock_Exchange 	Bema_Gold 	473.0
Carmen 	Hayes,_Hillingdon 	114.0
Hoe_(tool) 	Race_and_ethnicity_in_the_United_States_Census 	112.0
Exhibition_game 	Pet 	159.0
Music_video 	Myspace 	161.0
Mother's_Day 	Poetry 	109.0
Midget 	Pornography 	163.0
Attorney_general 	Texas 	132.0
Converter 	Currency 	114.0
Genealogy 	Shelby_County,_Tennessee 	131.0
Genealogy 	Internet_forum 	132.0
Genealogy 	Texas 	131.0
Chicken_soup 	Tortilla 	114.0
Chicken_soup 	Meatballs_(film) 	103.0
Backseat_(song) 	Bangers_(film) 	108.0
Breaker_(G.I._Joe) 	Nudity 	164.0
Diesel_engine 	Shoe 	172.0
Esméralda_(The_Hunchback_of_Notre-Dame) 	Gala_(King_of_the_Massylii) 	132.0
Keyword_(computer_programming) 	Password 	107.0
Keyword_(computer_programming) 	Uniform_resource_locator 	147.0
Addison,_Texas 	Disease 	114.0
Ford_Mustang 	Saleen 	103.0
Credit_history 	Unsecured_debt 	185.0
Nashville,_Tennessee 	Tennessee 	109.0
Glitter_(film) 	Myspace 	279.0
Steeplechase 	World_Wide_Web 	184.0
Cancer 	Horoscope 	113.0
Sex 	XXX_(film) 	233.0
Sex 	Stocking 	115.0
Frequency 	Image_scanner 	107.0
Beyoncé_Knowles 	Nudity 	253.0
North_Carolina 	Real_estate 	141.0
North_Carolina 	Wilmington,_Delaware 	110.0
Jennifer_Aniston 	Nudity 	173.0
C._B._Fry 	Electronics 	227.0
Keywords 	Uniform_resource_locator 	1328.0
Nextel_Communications 	Ringtone 	116.0
Ballet 	Swan_Lake 	135.0
Keikogi 	Oh,_Pretty_Woman 	187.0
Chicago 	Craigslist 	626.0
Chicago 	Eros 	199.0
Bookmark 	Tommy_Atkins 	142.0
Bow_Wow_(rapper) 	Online_chat 	146.0
Clearwater,_Florida 	Florida 	107.0
Baby_shower 	Cake 	273.0
Talofa 	Teine_Station 	108.0
Talofa 	Tama,_Tokyo 	108.0
Asheville,_North_Carolina 	North_Carolina 	102.0
Puppy 	Teacup 	155.0
Puppy 	Yorkie_(chocolate_bar) 	101.0
Idaho 	Montpelier,_Vermont 	128.0
Pravda 	Russian_language 	131.0
All_My_Children 	Spoiler_(aeronautics) 	166.0
Christian 	Clip_art 	136.0
Gary_Larson 	The_Far_Side 	104.0
Bass_guitar 	Shoe 	113.0
E._K._Chambers 	Hotel_New_York 	102.0
Virginia 	Williamsburg,_Virginia 	132.0
Truckee,_California 	Weather_forecasting 	108.0
Comic_book 	Internet_forum 	140.0
Germany 	Translation 	225.0
Germany 	Online_chat 	107.0
Lodi,_Lombardy 	Sentinel_(comics) 	108.0
Freemasonry 	Rosicrucianism 	107.0
Gallery 	Pornography 	109.0
Bank 	Comerica 	361.0
Ghetto 	Looting 	121.0
Mail.com 	Yahoo! 	1154.0
Cheats_(film) 	Pogo_(comic_strip) 	161.0
Cheats_(film) 	RuneScape 	251.0
Cheats_(film) 	PaintShop_Pro 	110.0
Cheats_(film) 	Xbox 	431.0
Cheats_(film) 	Kingdom_Hearts_II 	103.0
Cheats_(film) 	PlayStation_2 	211.0
Department_of_Revenue_(Tamil_Nadu) 	Indiana 	134.0
Department_of_Revenue_(Tamil_Nadu) 	Florida 	113.0
Department_of_Revenue_(Tamil_Nadu) 	Louisiana 	135.0
Angelina_Jolie 	Nudity 	124.0
Angelina_Jolie 	William_Pitt_the_Younger 	237.0
Pokémon 	Sex 	109.0
Johnstown,_Pennsylvania 	Obituary 	108.0
Johnstown,_Pennsylvania 	Tribune 	108.0
Johnstown,_Pennsylvania 	Pā_(Māori) 	108.0
Hawaii 	Maui 	102.0
Fawcett_Comics 	Gabriel 	118.0
Bikini 	XXX_(film) 	154.0
Bikini 	Dare_(album) 	241.0
Arizona 	Phoenix,_Arizona 	125.0
Arizona 	Sedona,_Arizona 	159.0
Arizona 	Association_football 	113.0
Daily_Record_(Scotland) 	Morristown,_New_Jersey 	111.0
The_League_of_Extraordinary_Gentlemen 	Trailer_(promotion) 	224.0
Branson,_Missouri 	Missouri 	319.0
Alabama 	Classic_car 	196.0
Alabama 	Gulf_Shores,_Alabama 	176.0
Alabama 	Antique_car 	1340.0
Halle_Berry 	Nudity 	174.0
Pussy 	Race_and_ethnicity_in_the_United_States_Census 	109.0
Fuck 	Horse 	124.0
Fuck 	My_Wife 	159.0
Physical_attractiveness 	Sex 	123.0
Dalton,_Georgia 	Kenzie 	283.0
Janelle_(given_names) 	Snow 	102.0
Brevard,_North_Carolina 	Clerk_(municipal_official) 	116.0
Earth 	Goggles 	157.0
New_Concord,_Ohio 	Oh,_Pretty_Woman 	106.0
Curtains_(musical) 	Kitchen 	131.0
Lexmark 	Printer_(computing) 	109.0
Pigeon_Forge,_Tennessee 	United_States_District_Court_for_the_Western_District_of_Tennessee 	125.0
Mississippi 	Tunica,_Mississippi 	140.0
Ringtone 	Sprint_(running) 	278.0
Telephone_directory 	Verizon_Communications 	218.0
Telephone_directory 	Yahoo! 	128.0
Craigslist 	New_York 	1034.0
Craigslist 	New_York_City 	141.0
Craigslist 	Portland,_Oregon 	921.0
Craigslist 	World_Wide_Web 	316.0
Craigslist 	Los_Angeles 	1071.0
Craigslist 	Denver 	293.0
Craigslist 	Sacramento,_California 	261.0
Craigslist 	Orange_County,_California 	118.0
Craigslist 	Washington,_D.C. 	162.0
Craigslist 	Monterey,_California 	311.0
Craigslist 	Seattle 	515.0
Craigslist 	Tampa,_Florida 	376.0
Craigslist 	San_Diego 	151.0
Craigslist 	Want_Ads 	143.0
Flower 	Tattoo 	407.0
J._P._Morgan 	United_States_dollar 	103.0
Czech_Republic 	Newspaper 	167.0
Czech_Republic 	Nubile 	109.0
Ben_Rice 	Blues 	116.0
Amateur 	Pin_(professional_wrestling) 	220.0
Kansas 	Wichita,_Kansas 	776.0
Pakistan 	Swat_District 	103.0
Cindy_Margolis 	Nudity 	114.0
Bondage_(BDSM) 	Magician_(fantasy) 	166.0
Furniture 	John_Badcock_(rower) 	156.0
Furniture 	Infant 	338.0
Furniture 	Leather 	145.0
Furniture 	Wicker 	278.0
Furniture 	Jordans,_Buckinghamshire 	136.0
Furniture 	Lexington,_Kentucky 	126.0
Furniture 	Rugby_union_positions 	265.0
Furniture 	North_Carolina 	249.0
Furniture 	Macy's 	115.0
Fiat 	List_of_express_bus_routes_in_New_York_City 	168.0
Dublin 	Ireland 	111.0
Medical_prescription 	Phentermine 	123.0
The_Weather_Channel 	World_Wide_Web 	106.0
Obsessed_(2009_film) 	Wrestling 	108.0
Independent_music 	Nudity 	158.0
Bellis_perennis 	Papia_language 	199.0
Angel 	Tattoo 	318.0
Angel 	Cherub 	110.0
Angel 	Anime 	111.0
Angel 	Slut 	154.0
Pogo.com 	Solitaire 	503.0
Pogo.com 	World_Wide_Web 	581.0
Asparagine 	World_Wide_Web 	290.0
Arabic_language 	Online_chat 	120.0
Arabic_language 	Sex 	120.0
Deafness 	Missouri 	121.0
Cocker_Spaniel 	List_of_Invader_Zim_characters 	114.0
Cocker_Spaniel 	Family_(biology) 	114.0
Alexa_Internet 	Model_(profession) 	125.0
Emily_the_Strange 	Online_chat 	204.0
Bang! 	My_Wife 	552.0
Pet 	Pharmaceutical_drug 	143.0
Country_Style 	Interior_design 	306.0
France 	Paris 	236.0
France 	Translation 	426.0
France 	Pastry 	112.0
France 	Yahoo! 	200.0
Textile 	Timeless_(radio_network) 	142.0
List_of_The_Green_Green_Grass_characters 	Oil 	191.0
List_of_The_Green_Green_Grass_characters 	Yahoo! 	191.0
Nextdoor 	Nikki_(TV_series) 	115.0
Daddies 	Silver 	393.0
Lyndhurst,_New_Jersey 	New_Jersey 	128.0
Univision 	World_Wide_Web 	176.0
Driver's_license 	Florida 	111.0
Oregon 	Real_estate 	112.0
Oregon 	Portland,_Oregon 	137.0
Amazon.com 	World_Wide_Web 	136.0
Akō,_Hyōgo 	Webmail 	142.0
Shear_stress 	Tree 	113.0
Bracket_(architecture) 	College_basketball 	131.0
Jerry_M._Patterson 	Walt_Disney_World 	194.0
Live_action 	The_Simpsons 	311.0
Bar_(unit) 	Financial_Bank 	196.0
Abaco_Islands 	The_Bahamas 	125.0
Florida 	Jacksonville,_Florida 	133.0
Florida 	Panama_City 	118.0
Florida 	Injunction 	121.0
Florida 	Lakeland,_Florida 	109.0
Florida 	Tampa,_Florida 	155.0
Florida 	Marion_County,_Indiana 	115.0
Florida 	Orlando,_Florida 	290.0
Florida 	Snake 	118.0
Florida 	Sarasota,_Florida 	123.0
Florida 	Real_estate 	241.0
Florida 	Naples 	216.0
Greeting 	United_States 	207.0
Abercrombie,_North_Dakota 	Fitch_Group 	118.0
Disney_Channel 	High_School_Musical 	104.0
Disney_Channel 	World_Wide_Web 	350.0
Sandwich 	Sex_doll 	186.0
Nipple 	Sean_Combs 	232.0
Cult_image 	United_States 	144.0
Gatlinburg,_Tennessee 	Tennessee 	127.0
Gatlinburg,_Tennessee 	Wedding 	122.0
Model_(art) 	Preadolescence 	125.0
Phoenix,_Arizona 	Tattoo 	335.0
Cancún 	Mexico 	251.0
Carport 	Metal 	105.0
Cruiser 	MILF_(slang) 	150.0
April_Fools'_Day 	Practical_joke 	115.0
Dance 	Mime_artist 	131.0
Circus 	Universal_Soul 	135.0
Korean_language 	Pornography 	107.0
Bellamy_(TV_series) 	Merlin 	144.0
Clydesdale 	Race_and_ethnicity_in_the_United_States_Census 	234.0
Rim_(wheel) 	United_States 	119.0
Brush 	PaintShop_Pro 	104.0
Cannoli 	Shell_(projectile) 	104.0
Equus_(genus) 	Li_(unit) 	241.0
Firearm 	Glock 	102.0
Click_(2006_film) 	Keyword_(computer_programming) 	147.0
Click_(2006_film) 	Uniform_resource_locator 	147.0
Apartment 	Mikes_(restaurant) 	250.0
Apartment 	Rent_(musical) 	101.0
Apartment 	Finder_(software) 	210.0
Closet 	Plato 	112.0
Barbie 	Putèr 	109.0
Barbie 	Silkstone 	120.0
Mandy_(song) 	Midwestern_United_States 	126.0
.edu 	World_Wide_Web 	190.0
English_auxiliaries_and_contractions 	Hip 	197.0
Jessica_Alba 	Nudity 	209.0
Grandpa_(Tell_Me_'Bout_the_Good_Ol'_Days) 	Grandparent 	129.0
One_Tree_Hill_(TV_series) 	Spoiler_(aeronautics) 	141.0
Charlotte,_North_Carolina 	North_Carolina 	124.0
Claw 	Claw_crane 	131.0
Ark_(Transformers) 	Noah 	163.0
The_Walt_Disney_Company 	Theme_(computing) 	116.0
The_Walt_Disney_Company 	World_Wide_Web 	231.0
Nylon 	Pornography 	103.0
Fellatio 	Granny_(Looney_Tunes) 	281.0
Beauty 	Swimsuit 	169.0
Pogo_(comic_strip) 	World_Wide_Web 	242.0
Joe_Cox_(American_football) 	Nudity 	109.0
Bus 	Greyhound 	108.0
Los_Angeles 	Want_Ads 	143.0
Fiberglass 	Pool_(cue_sports) 	117.0
8th_Street_(HBLR_station) 	Latino_(demonym) 	236.0
Colorado 	RE/MAX 	112.0
Colorado 	Estes_Park,_Colorado 	113.0
Colorado 	Durango 	110.0
Knee 	Surgery 	120.0
Belize 	Real_estate 	173.0
Online_banking 	Wells_Fargo 	224.0
Online_banking 	SunTrust_Banks 	134.0
Cable_television 	Mercury_Marine 	141.0
Bella_(film) 	List_of_Shortland_Street_characters_(2005) 	124.0
Casino 	No_Deposit,_No_Return 	182.0
EBaum's_World 	List_of_30_Rock_characters 	142.0
Dragon 	Tattoo 	497.0
Jungle 	Wedding 	118.0
Association_football 	Tony_Tucker 	109.0
Toyota_Chaser 	Truck 	147.0
Granny_(Looney_Tunes) 	Sex 	131.0
Nami_(One_Piece) 	One_Piece 	101.0
Booty 	Hispanic_and_Latino_Americans 	110.0
National_bank 	Suffolk_County,_New_York 	107.0
Coupon 	Target_Corporation 	114.0
Coupon 	Las_Vegas 	145.0
Avatar_(2009_film) 	Jayco,_Inc 	112.0
Incest 	Preadolescence 	140.0
Incest 	Sex 	153.0
Cap_(sport) 	Truck 	160.0
New_Orleans 	TV_4_(Trinidad_and_Tobago) 	148.0
P._J._Jones 	Principality_of_Zeta 	170.0
Black-and-white 	Paper_Dolls 	360.0
Quill 	Sugar 	155.0
Eros 	Ohio 	225.0
Nine_West 	Shoe 	123.0
Italy 	Venice 	136.0
Italy 	Rome 	129.0
Italy 	Translation 	241.0
Italy 	Stiletto_heel 	127.0
Tama,_Tokyo 	Teine_Station 	108.0
Sudan 	World_Wide_Web 	106.0
Hilary_Duff 	Nudity 	131.0
Hilary_Duff 	Joel_Madden 	305.0
Shadow_Racing_Cars 	Sonic_the_Hedgehog_(character) 	308.0
R._J._Reynolds 	Used_car 	122.0
Anna_Benson 	Nudity 	153.0
Hole_(band) 	Uziah_Thompson 	107.0
Capital_One 	Credit_card 	104.0
Alarm_device 	New_York 	122.0
Alarm_device 	Installation_(computer_programs) 	122.0
Easter 	Wallpaper 	140.0
Buzz! 	Soap_opera 	164.0
Merced,_California 	Sun_Star_(Alaska) 	115.0
Shelby_County,_Tennessee 	Texas 	131.0
Panties 	Sissy 	200.0
Panties 	Pink_(singer) 	101.0
Rapping 	Razor 	145.0
Potato 	Soup 	113.0
Jessica_Jung 	London 	445.0
Jessica_Jung 	Loud_(Rihanna_album) 	138.0
Bernadette_(song) 	Connor_(Angel) 	237.0
Cigarette 	Discounts_and_allowances 	178.0
Adventure 	Alligator 	103.0
Logan,_Utah 	Romance_film 	106.0
Logan,_Utah 	Sin 	588.0
General_linear_group 	Wetland 	223.0
Merrell_(company) 	Shoe 	147.0
Destin,_Florida 	Florida 	336.0
Destin,_Florida 	Floruit 	184.0
Personal_advertisement 	Yahoo! 	107.0
Chapel 	Sinai_Peninsula 	121.0
Boating 	Nudity 	215.0
Boating 	Toplessness 	111.0
Mohair 	Yarn 	103.0
Auction 	EBay 	317.0
Gardner,_Massachusetts 	Webb_County,_Texas 	114.0
Pā_(Māori) 	Reading_F.C. 	105.0
Pā_(Māori) 	Tribune 	108.0
Pā_(Māori) 	Unemployment 	108.0
Merritt_College 	Étude 	108.0
Fox_Broadcasting_Company 	Japanese_idol 	104.0
Spanish_language 	Translation 	3324.0
Airport 	Retail 	114.0
Oil 	Yahoo! 	191.0
Rom_(comics) 	Safety_(American_and_Canadian_football_position) 	300.0
Bulletin_board_system 	Spaghetti_Western 	301.0
Intranet 	World_Wide_Web 	104.0
Erotic_literature 	Gay 	133.0
Dream 	Horse 	126.0
Dream 	Sleazy_(Kesha_song) 	356.0
Manga 	Vampire 	165.0
Patio 	Umbrella 	107.0
Houston 	Texas 	214.0
Electric_generator 	Honda 	219.0
Electric_generator 	Myspace 	389.0
Fantasy 	Finder_(software) 	332.0
Nissan_Motor_Company 	Pavillion,_Wyoming 	105.0
Clothing 	Wholesale 	126.0
Clothing 	Hollister,_California 	121.0
Clothing 	Hip_hop_music 	135.0
Hamper 	Hollywood 	133.0
Astrology 	Yahoo! 	236.0
Julia_(1977_film) 	Louis-Dreyfus 	115.0
Horny_(song) 	Nudity 	211.0
Lottery 	Michigan 	132.0
Lottery 	Mass 	898.0
Lottery 	Texas 	108.0
Lottery 	Main_Page 	173.0
Gourd 	Sugar 	113.0
E-card 	Hallmark 	117.0
E-card 	Free_love 	147.0
Boxing 	Reception_(American_football) 	140.0
Boxing 	Puppy 	119.0
Jumbo 	Penalty_shoot-out_(association_football) 	129.0
Hair_(musical) 	Prom 	829.0
Hair_(musical) 	Wedding 	116.0
Comcast 	Internet_forum 	131.0
Braided_river 	Carpet 	133.0
George_W._Bush 	President_of_the_United_States 	168.0
Daytona_International_Speedway 	The_News_Journal 	138.0
Hotmail 	World_Wide_Web 	606.0
Gay 	Nudity 	168.0
Gay 	Personal_advertisement 	117.0
Gay 	Group_sex 	102.0
Coloring_book 	Easter 	295.0
Gas 	Scooter_(motorcycle) 	179.0
Fat 	Pussy 	164.0
Walmart 	World_Wide_Web 	107.0
Nansemond 	Native_Americans_in_the_United_States 	138.0
Fatass 	Race_and_ethnicity_in_the_United_States_Census 	159.0
Bingo_(U.S.) 	Fortune_(magazine) 	395.0
Handgun 	Llama 	117.0
Panama 	Survivor_(U.S._TV_series) 	114.0
Icon 	Myspace 	351.0
Paul_Field_(Christian_singer) 	The_Wiggle 	285.0
Maitreya 	Sango_language 	114.0
Housekeeping 	Worcester,_Massachusetts 	124.0
Vogue_(magazine) 	XXX_(film) 	155.0
Heart 	Tattoo 	362.0
Stage_name 	Switch 	131.0
Deal_or_No_Deal 	NBC 	1580.0
Deal_or_No_Deal 	NBCUniversal 	442.0
Georgia_(U.S._state) 	Savannah,_Georgia 	315.0
Georgia_(U.S._state) 	Lotto_Sport_Italia 	207.0
Georgia_(U.S._state) 	Helen_of_Troy 	236.0
Newspaper 	Tennessee 	444.0
AT&T_Mobility 	Ringtone 	320.0
AT&T_Mobility 	World_Wide_Web 	101.0
Child_support 	Pā_(Māori) 	138.0
Jamaica 	Online_chat 	158.0
Denise_Austin 	Nudity 	149.0
England 	Pravda 	131.0
England 	Spanish_language 	3074.0
England 	Translation 	1231.0
England 	Russian_language 	131.0
England 	London 	112.0
Bayou 	Queen_(band) 	146.0
RCD_Espanyol 	Yahoo! 	272.0
Floruit 	Lotto_Sport_Italia 	494.0
Floruit 	Key_West,_Florida 	104.0
Floruit 	Lottery 	518.0
Floruit 	Jacksonville,_Florida 	118.0
Floruit 	Orlando,_Florida 	201.0
Floruit 	Sarasota,_Florida 	108.0
Cumulative_voting 	Fat 	150.0
American_Idol 	Internet_forum 	109.0
American_Idol 	Online_chat 	132.0
Shoe 	The_Jones_Group 	127.0
Shoe 	Wedding 	212.0
Rockland,_Maine 	The_Journal_News 	121.0
List_of_auto_parts 	O'Reilly 	104.0
Norman_Chaney 	Pussy 	140.0
Adidas_Superstar 	Shoe 	101.0
Devon_Energy 	Internet_forum 	301.0
Columbus,_Ohio 	Ohio 	158.0
Arrowhead 	Credit_union 	231.0
Animal 	Jaguar 	134.0
35th_Canadian_Parliament 	Adidas_Superstar 	101.0
35th_Canadian_Parliament 	Shoe 	101.0
Jelly_bean 	Prayer 	122.0
Ashley,_Pennsylvania 	Flores 	116.0
Crossword 	Johnston,_Rhode_Island 	101.0
National_City,_California 	Online_banking 	414.0
MapQuest 	World_Wide_Web 	351.0
Laughlin,_Nevada 	Nevada 	160.0
Bruin,_Pennsylvania 	Gold 	135.0
Email 	NetZero 	166.0
Email 	Maryville_University 	120.0
Email 	Finder_(software) 	137.0
Email 	Verizon_Communications 	110.0
Butterfly 	Tattoo 	675.0
Poker 	Temple 	134.0
Kubota 	Tractor 	111.0
Demographics_of_Malaysia 	Exchange_rate 	112.0
EBay 	Pottery 	126.0
EBay 	Glass 	126.0
EBay 	World_Wide_Web 	1337.0
Blue_Book_(magazine) 	Nada_(Italian_singer) 	106.0
Blue_Book_(magazine) 	R._Kelly 	161.0
Ion 	Thunder 	394.0
Cats_(musical) 	Ragdoll 	114.0
Aviation 	Wichita,_Kansas 	299.0
Aviation 	Kansas 	299.0
Taboo 	Zoo 	102.0
Editors_(band) 	Myspace 	130.0
Heaven 	Paperdoll_(band) 	211.0
Greeting_card 	United_States 	357.0
Bookmark_(World_Wide_Web) 	Tommy_Atkins 	497.0
Bookmark_(World_Wide_Web) 	Tommy_(album) 	102.0
Baker 	Shoe 	176.0
Baker 	Furniture 	115.0
Skype 	Yahoo! 	126.0
Newport,_Rhode_Island 	Rhode_Island 	110.0
Aetna 	Navigator 	183.0
Pornography 	XXX_(film) 	155.0
Pornography 	Preadolescence 	285.0
Pornography 	Vintage 	222.0
Pornography 	The_Walt_Disney_Company 	257.0
Pornography 	Sex 	120.0
Pornography 	Sailor_Moon 	137.0
Pornography 	Taboo 	102.0
Pornography 	Zoo 	102.0
Pornography 	Russian_language 	163.0
Pornography 	Queens 	264.0
Daytona_Beach_Bike_Week 	Myrtle_Beach,_South_Carolina 	156.0
Anime 	Pornography 	251.0
Anime 	Sex 	112.0
Hard_Core_(Lil'_Kim_album) 	Pornography 	143.0
Amber 	Easton,_Pennsylvania 	116.0
Amber 	Dean_(education) 	127.0
Southwest_Airlines 	World_Wide_Web 	126.0
Child_model 	Nudity 	178.0
Hardwood 	Heart_of_Midlothian_F.C. 	139.0
Nudity 	Tattoo 	266.0
Nudity 	Pamela_Anderson 	668.0
Nudity 	Webcam 	106.0
Nudity 	Preadolescence 	663.0
Nudity 	Private_Eye 	146.0
Nudity 	Swing_music 	164.0
Nudity 	Oops_(Oh_My) 	153.0
Nudity 	WWE_Diva 	358.0
Nudity 	Sharon_Stone 	214.0
Nudity 	Slut 	153.0
Nudity 	Paula_Abdul 	143.0
Nudity 	Trish_Stratus 	112.0
Nudity 	Paris_Hilton 	743.0
Nudity 	Stacy_Keibler 	142.0
Nudity 	Russian_language 	329.0
Nudity 	Shakira 	133.0
List_of_The_Land_Before_Time_characters 	Pornography 	146.0
Bank_robbery 	Race_and_ethnicity_in_the_United_States_Census 	438.0
Delhi 	Louisiana 	103.0
Paris_Hilton 	Sex_scandal 	195.0
Google_Search 	World_Wide_Web 	266.0
Lotteries_in_the_United_States 	Mass 	234.0
Journalist 	Midland,_Texas 	162.0
Journalist 	Telegraphy 	162.0
Blouse 	Ruffle 	135.0
Angeles,_Philippines 	Philippines 	292.0
Crest_(heraldry) 	Pacific_Ocean 	121.0
Crest_(heraldry) 	Family_(biology) 	187.0
Dallas 	Texas 	233.0
Open-source_video_game 	Pogo_(comic_strip) 	264.0
Greg_Page_(boxer) 	The_Wiggle 	435.0
Albanian_language 	Newspaper 	219.0
Jewel_Quest 	Yahoo!_Games 	174.0
Arkansas 	Eureka_Springs,_Arkansas 	105.0
Arkansas 	Hot_Springs,_Arkansas 	136.0
Fan_club 	John_Daly_(golfer) 	208.0
Tax_Analysts 	Turbocharger 	168.0
Alcohol_intoxication 	Group_sex 	129.0
Alcohol_intoxication 	College_Girls 	115.0
Cover_letter 	Sampling_(music) 	144.0
Online_chat 	Sex 	120.0
Beatty,_Nevada 	Mario 	426.0
Finance 	New_York_City 	127.0
Wachovia 	World_Wide_Web 	171.0
Natalie_Portman 	Nudity 	126.0
Squadron_(aviation) 	United_States_Air_Force 	172.0
AOL_Toolbar 	CBS_Interactive 	540.0
Cookie 	Delete_key 	178.0
Cookie 	Wedding 	110.0
René_of_Anjou 	Vicki 	235.0
Cell_(biology) 	Telephone_number 	261.0
Cell_(biology) 	Telephone_directory 	294.0
Toolbox 	Truck 	142.0
Credit_union 	Erie,_Pennsylvania 	103.0
Credit_union 	General_Electric 	103.0
Credit_union 	Suffolk 	173.0
Credit_union 	Langley,_British_Columbia_(city) 	105.0
Credit_union 	Frederick_Wallace_Edwards 	140.0
Credit_union 	Family_(biology) 	106.0
Credit_union 	Vantage,_Washington 	194.0
Credit_union 	Dover 	150.0
Appraiser 	Palm_Beach_County,_Florida 	126.0
Appraiser 	Volusia_County,_Florida 	101.0
Appraiser 	Broward_County,_Florida 	164.0
General_Hospital 	Spoiler_(aeronautics) 	322.0
General_Hospital 	Happening 	350.0
Abdominoplasty 	Jeans 	157.0
Cheating_in_video_games 	PlayStation_2 	148.0
Cheating_in_video_games 	Xbox 	129.0
Eva_Longoria 	Nudity 	125.0
Nassau,_Bahamas 	The_Bahamas 	135.0
Arrecifes 	Coral 	105.0
Detroit 	Rob_Zombie 	149.0
Gucci 	Handbag 	150.0
Gucci 	Sunglasses 	125.0
Flo 	Jalin 	107.0
Fighter_aircraft 	United_States_Air_Force 	172.0
Fighter_aircraft 	Squadron_(aviation) 	172.0
Castle 	Howl 	243.0
Hairstyle 	Prom 	1082.0
Hairstyle 	Race_and_ethnicity_in_the_United_States_Census 	300.0
Hairstyle 	Wedding 	169.0
Sleazy_(Kesha_song) 	XXX_(film) 	126.0
Puma_SE 	Shoe 	110.0
Mystery_Case_Files 	Prime_Suspects 	788.0
Fireplace 	Gas 	127.0
Moms_(TV_series) 	Nasty_(song) 	168.0
Falsity 	Truth 	132.0
Africa 	Nudity 	458.0
Africa 	Chad 	113.0
King_Arthur 	Trailer_(promotion) 	220.0
Hairstyles 	Updo 	130.0
Hairstyles 	Prom 	2350.0
Hairstyles 	Race_and_ethnicity_in_the_United_States_Census 	288.0
Hairstyles 	Wedding 	359.0
Blue_Cross_Blue_Shield_Association 	California 	121.0
Lolita 	Nudity 	163.0
Lolita 	Sex 	156.0
Lolita 	Russian_language 	141.0
Lolita 	Moving_Picture_Experts_Group 	116.0
Lolita 	Preadolescence 	456.0
Cargo 	Trailer_(promotion) 	138.0
Bathroom 	Vanity 	161.0
Bathroom 	Cabinet_(government) 	225.0
Bathroom 	Sink 	169.0
Little_Einsteins 	Thong_(clothing) 	178.0
Cemetery 	Malcolm_McVean 	103.0
Isabella_I_of_Castile 	Soprano 	134.0
Perky,_Florida 	Tit_(bird) 	110.0
Blog 	Celebrity 	110.0
Blog 	Infant 	110.0
MSN 	World_Wide_Web 	390.0
Fraternities_and_sororities_in_North_America 	Paddle_(game_controller) 	156.0
Babes 	Bikini 	229.0
Babes 	Motorcycle 	155.0
Babes 	Boots_UK 	158.0
Bea_(Dennis_the_Menace) 	Flora 	105.0
Manhattan 	Same-sex_relationship 	115.0
Espionage 	NES_Zapper 	119.0
Lancaster,_Pennsylvania 	Pā_(Māori) 	184.0
Kitty_(1945_film) 	Persian_language 	483.0
Atlantis 	The_Bahamas 	130.0
Atlantis 	Vault_(architecture) 	179.0
Monster 	Nike_Shox 	144.0
Monster 	Rooster 	174.0
Free_World 	Pornography 	104.0
Cigar 	Smoking_fetishism 	115.0
Cabinet_(government) 	Computer_hardware 	261.0
Adam_Miller_(footballer) 	Genealogy 	109.0
Rhytidectomy 	Surgery 	433.0
Password 	XXX_(film) 	126.0
Banner 	Myspace 	225.0
Audit 	Franklin_County,_Pennsylvania 	146.0
Audit 	Hamilton_County,_Ohio 	105.0
Audit 	Trumbull_County,_Ohio 	114.0
U.S._state 	Virginia 	103.0
Chronicle 	Clarksville,_Tennessee 	105.0
Chronicle 	Raymondville,_Texas 	132.0
Huns 	Yellow_pages 	1900.0
Airline 	Indian_reservation 	127.0
Airline 	JetBlue_Airways 	130.0
Airline 	United_States 	468.0
Airline 	America_West_Airlines 	208.0
Airline 	Frontier 	117.0
Free_negro 	Pornography 	129.0
Fall_Out_Boy 	Houston 	185.0
Toast_(honor) 	Wedding 	129.0
Internet_forum 	Pregnancy 	162.0
Internet_forum 	January_Jones 	149.0
Internet_forum 	Little_House_on_the_Prairie_(TV_series) 	139.0
Internet_forum 	Yahoo! 	165.0
Flå 	Lotto_Sport_Italia 	160.0
Flå 	Lottery 	224.0
Résumé 	Sampling_(music) 	447.0
Eroticism 	S&P_CNX_Nifty 	365.0
Amish 	Donkey 	318.0
Malta 	Puppy 	104.0
World_Wide_Web 	Yahoo!_Mail 	558.0
World_Wide_Web 	Yahoo! 	4451.0
Clerk_(municipal_official) 	Summit 	115.0
Clerk_(municipal_official) 	Franklin,_Tennessee 	105.0
Austin,_Texas 	Craigslist 	377.0
Austin,_Texas 	Texas 	297.0
Beauty_and_the_Beast_(1991_film) 	The_Walt_Disney_Company 	151.0
Beast_(comics) 	Sex 	169.0
Costa_Rica 	Real_estate 	120.0
Battle_of_the_Coral_Sea 	World_War_II 	112.0
