amish 	donkey 	318.0
rom 	safety 	300.0
chinese 	gender 	142.0
jewel quest 	yahoo games 	174.0
mandy 	midwest 	126.0
celebs 	naked 	139.0
celebs 	nude 	105.0
celebs 	robbs 	109.0
hawaii 	maui 	102.0
baby 	cribs 	241.0
baby 	pussy 	106.0
baby 	celebrity 	110.0
baby 	blog 	110.0
baby 	stuff 	149.0
baby 	furniture 	338.0
financial bank 	mb 	196.0
asian 	pussy 	109.0
asian 	uh oh 	133.0
asian 	sex 	161.0
edu 	www 	190.0
dalton 	kenzie 	283.0
american idol 	message boards 	109.0
american idol 	chat 	132.0
gl 	wetlands 	223.0
atlanta 	craigslist 	237.0
atlanta 	georgia 	156.0
gi 	oh 	187.0
ballet 	swan lake 	135.0
apartment 	mikes 	250.0
apartment 	rent 	101.0
apartment 	finder 	210.0
tz 	yamaha 	295.0
clipart 	easter 	152.0
clipart 	microsoft 	170.0
icons 	myspace 	351.0
online banking 	wells fargo 	224.0
online banking 	suntrust 	134.0
jenna jameson 	nude 	114.0
flash 	no deposit 	140.0
flash 	games.com 	126.0
flash 	rack 	138.0
editors 	myspace 	130.0
shack 	sperm 	381.0
kuma 	sutra 	112.0
maryland 	ocean city 	471.0
crest 	pacific 	121.0
friendly 	pet 	159.0
big boobs 	lanas 	178.0
big boobs 	lana 	113.0
cockers 	zim 	114.0
cockers 	family 	114.0
fireplaces 	gas 	127.0
www.yahoo.com 	www.yahoo.com 	125.0
frequencies 	scanner 	107.0
kitty 	persian 	483.0
fat 	pussy 	164.0
fat 	plumpers 	150.0
big ass 	fat 	145.0
isabella 	soprano 	134.0
goblet of fire 	harry potter 	148.0
llama 	pistols 	117.0
airfare 	discount 	119.0
jobster 	www 	141.0
cingular.com 	www 	101.0
squadrons 	us air force 	172.0
magic 	the gathering 	103.0
magic 	mirror 	102.0
cable 	mercruiser 	141.0
celebrity 	hairstyles 	277.0
celebrity 	gossip 	160.0
celebrity 	nudes 	110.0
celebrity 	hair styles 	105.0
country style 	home decor 	306.0
eve 	sex tape 	152.0
anna nicole smith 	nude 	140.0
anthony field 	the wiggle 	264.0
real estate 	remax 	168.0
airgun 	hunting 	279.0
rack 	shoes 	118.0
rack 	tire 	311.0
cookies 	wedding 	110.0
cookies 	delete 	178.0
amatuer 	pin 	220.0
porn 	vintage 	107.0
porn 	xxx 	155.0
porn 	sex 	120.0
porn 	preteen 	285.0
porn 	russian 	163.0
porn 	queens 	264.0
bleeding 	implantation 	148.0
erotic 	nifty 	365.0
fawcett 	gabriel 	118.0
pornography 	vintage 	115.0
click 	web address 	147.0
click 	keyword 	147.0
crests 	family 	187.0
monster 	nike shox 	144.0
blouse 	ruffle 	135.0
cargo 	trailers 	138.0
nude models 	preteen 	125.0
chicago 	craigslist 	157.0
chicago 	craigs list 	469.0
chicago 	eros 	199.0
panama 	survivor 	114.0
fan club 	john daly 	208.0
cell 	phone directory 	294.0
cell 	phone numbers 	261.0
sex pictures 	taboo 	102.0
sex pictures 	zoo 	102.0
bass 	shoes 	113.0
battle of coral sea 	world war 2 	112.0
king arthur 	trailers 	220.0
dot com 	ebaumsworld 	142.0
disney 	www 	231.0
disney 	polynesian resort 	110.0
disney 	porn 	257.0
lodi 	sentinel 	108.0
pug 	puppies 	123.0
pug 	village 	220.0
christian 	clip art 	136.0
reporter 	telegram 	162.0
herb 	vest 	309.0
french 	translator 	210.0
french 	translation 	216.0
french 	pastry 	112.0
porno 	sailor moon 	137.0
china 	reps 	404.0
days of our lives 	spoilers 	310.0
belize 	real estate 	173.0
bed and breakfast 	key west 	116.0
gay 	group sex 	102.0
gay 	personals 	117.0
gay 	sex stories 	133.0
auction 	ebay 	317.0
appraisal 	harris county 	114.0
bank of america 	online banking 	209.0
bank of america 	www 	129.0
casino 	no deposit 	182.0
angeles city 	philippines 	292.0
alta 	gay 	103.0
gourd 	sugar 	113.0
airport 	retail 	114.0
ako 	webmail 	142.0
gallaries 	porn 	109.0
calculators 	mortgage 	242.0
convertor 	currency 	114.0
family 	watchdog 	129.0
family 	incest 	102.0
family 	ohio 	114.0
family 	zim 	114.0
family 	search.com 	276.0
falsity 	truth 	132.0
cell phones 	motorola 	121.0
cell phones 	prepaid 	166.0
grandma 	grandpa 	129.0
africa 	nude 	458.0
africa 	chad 	113.0
julia 	louis dreyfus 	115.0
sonya 	zeigler 	141.0
cheats 	pogo 	161.0
cheats 	runescape 	251.0
cheats 	xbox 	431.0
cheats 	kingdom hearts 2 	103.0
cheats 	psp 	110.0
cheats 	playstation 2 	211.0
8th street 	latinas 	236.0
composer 	koji nakano 	102.0
blue mountain 	greeting cards 	110.0
bookmarks 	tommys 	497.0
bookmarks 	tommy 	102.0
taboo 	zoo 	102.0
heaven 	paperdoll 	211.0
lottery 	michigan.gov 	132.0
lottery 	mass 	898.0
lottery 	main page 	173.0
lottery 	texas 	108.0
handbags 	replica 	133.0
indians 	nansemond 	138.0
pigeon forge 	tenn 	125.0
france 	paris 	236.0
france 	yahoo 	200.0
bayou 	queen 	146.0
asses 	big tits 	125.0
asses 	spank 	167.0
jelly bean 	prayer 	122.0
comcast 	forums 	131.0
badcock 	furniture 	156.0
generators 	honda 	219.0
generators 	myspace 	259.0
comic book 	forums 	140.0
poodles 	teacup 	132.0
diamond 	sportsbook 	156.0
farm animals 	mating 	121.0
yahoo 	yellow pages 	221.0
oregon 	portland 	137.0
oregon 	real estate 	112.0
glass 	pottery 	126.0
asheville 	north carolina 	102.0
rabbit 	wallace and gromit 	173.0
disney world 	jerry patterson 	194.0
delta dental 	michigan 	116.0
fall out boy 	houston 	185.0
eden 	gay 	122.0
blue book 	kelly 	161.0
blue book 	nada 	106.0
cat 	loader 	225.0
hairdos 	prom 	153.0
flo 	jalin 	107.0
fla 	lotto 	160.0
fla 	lottery 	224.0
carmen 	hayes 	114.0
dollars 	morgan 	103.0
coldwell banker 	real estate 	102.0
heart 	tattoos 	254.0
heart 	tattoo 	108.0
nursing 	trivia 	106.0
anal sex 	porn 	136.0
indie 	nudes 	158.0
fuck 	my wife 	159.0
eva longoria 	nude 	125.0
cosmetic surgery 	new jersey 	104.0
sleeper 	wrestling 	103.0
bad credit 	personal loans 	185.0
clothing 	wholesale 	126.0
clothing 	hip hop 	135.0
clothing 	hollister 	121.0
airplane 	midwest 	136.0
joe cox 	nudes 	109.0
pogo 	www 	242.0
reynolds 	used car 	122.0
gucci 	sunglasses 	125.0
gucci 	handbags 	150.0
brevard 	county clerk of courts 	116.0
animal 	jaguar 	134.0
panic 	shanghai 	174.0
idaho 	montpelier 	128.0
anime 	sex 	112.0
anime 	porn 	251.0
one tree hill 	spoilers 	141.0
poker 	temple 	134.0
sandwich 	sex doll 	186.0
cancun 	mexico 	251.0
gardner 	webb 	114.0
hot women 	sex 	123.0
instant messenger 	yahoo 	126.0
instant messenger 	skype 	126.0
maltese 	puppies 	104.0
italy 	venice 	136.0
italy 	rome 	129.0
fl 	lottery 	518.0
fl 	sarasota 	108.0
fl 	lotto 	494.0
fl 	orlando 	201.0
fl 	key west 	104.0
fl 	jacksonville 	118.0
big shot 	roulette 	164.0
beauty and the beast 	disney 	151.0
lyndhurst 	new jersey 	128.0
dragon 	tattoos 	318.0
dragon 	tattoo 	179.0
cigarettes 	discount 	178.0
currency exchange rate 	malaysian 	112.0
jungle 	wedding 	118.0
bakers 	shoes 	176.0
dream 	sleazy 	356.0
dream 	horse 	126.0
manga 	vampire 	165.0
patio 	umbrellas 	107.0
galveston 	texas 	150.0
houston 	texas 	214.0
mexican 	pharmacy 	115.0
shoes 	wedding 	212.0
denise austin 	nude 	149.0
nausicaa 	wind 	304.0
live action 	the simpsons 	311.0
my space 	pimp 	332.0
logan 	romance 	106.0
logan 	sins 	588.0
motorcycle 	trailers 	232.0
motorcycle 	suzuki 	121.0
bainbridge 	searchlight 	101.0
installer 	new york 	122.0
fidelity 	www 	109.0
horny 	naked 	211.0
astrology 	yahoo 	236.0
jennifer aniston 	nude 	173.0
national bank 	suffolk county 	107.0
beyonce 	naked 	112.0
beyonce 	nude 	141.0
new orleans 	tv 4 	148.0
dollz 	mania 	138.0
baby shower 	cake 	101.0
baby shower 	cakes 	172.0
texas 	workforce 	111.0
texas 	waco 	139.0
firearms 	glock 	102.0
finance 	nyc.gov 	127.0
moms 	nasty 	168.0
cannoli 	shells 	104.0
general hospital 	spoilers 	322.0
general hospital 	happenings 	350.0
hunter 	milf 	434.0
3rd grade 	science water 	101.0
lesson plans 	preschool 	141.0
talofa 	teine 	108.0
talofa 	tama 	108.0
bang 	my wife 	552.0
vouge 	xxx 	155.0
german 	translator 	101.0
german 	translation 	124.0
dickie 	virgin 	142.0
barbie 	puter 	109.0
barbie 	silkstone 	120.0
all my children 	spoilers 	166.0
nami 	one piece 	101.0
detroit 	rob zombie 	149.0
spy 	zapper 	119.0
newport 	news.com 	135.0
newport 	rhode island 	110.0
google search 	www 	266.0
fairy 	tattoos 	138.0
fairy 	wallpaper 	205.0
pizza 	sausage 	114.0
trailer 	xxx 	106.0
em 	texas 	172.0
england 	london 	112.0
weather.com 	www 	106.0
candice michelle 	nude 	281.0
gary larson 	the far side 	104.0
energy 	enterra 	117.0
adam miller 	genealogy 	109.0
univision.com 	www 	176.0
democrat 	pa 	108.0
democrat 	obituaries 	108.0
democrat 	tribune 	108.0
democrat 	johnstown 	108.0
passwords 	xxx 	126.0
phentermine 	prescription 	123.0
chubby 	pussy 	140.0
braided 	rugs 	133.0
marvin gaye 	tabs 	208.0
goo 	www 	132.0
flower 	tattoo 	208.0
flower 	tattoos 	199.0
pokemon 	sex 	109.0
cartoonnetwork 	www 	122.0
diesel 	shoes 	172.0
adidas superstar 	shoe 	101.0
arkansas 	hot springs 	136.0
arkansas 	eureka springs 	105.0
daddies 	silver 	393.0
electronics 	fry 	227.0
nudes 	preteen 	145.0
ass 	nude 	148.0
ass 	phat 	154.0
ass 	black 	338.0
ass 	parade 	494.0
ass 	panty 	112.0
desktop themes 	disney 	116.0
arizona 	soccer 	113.0
arizona 	phoenix 	125.0
arizona 	sedona 	159.0
jessica 	loud 	138.0
jessica 	london 	445.0
resume 	sample 	264.0
resume 	samples 	183.0
espanol 	yahoo 	272.0
ecards 	hallmark 	117.0
ecards 	free love 	147.0
blue cross 	california 	121.0
beatty 	mario 	426.0
kayla 	mize 	105.0
obituaries 	pa 	108.0
obituaries 	tribune 	108.0
amazon.com 	www 	136.0
electronic mail 	maryville university 	120.0
aol toolbar 	search.com 	540.0
asn 	www 	290.0
fiat 	x19 	168.0
bike week 	myrtle beach 	156.0
equine 	li 	241.0
geometry 	grade 4 	115.0
florida 	marion county 	115.0
florida 	snakes 	118.0
florida 	sarasota 	123.0
florida 	lakeland 	109.0
florida 	orlando 	290.0
florida 	naples 	216.0
florida 	protective order 	121.0
florida 	real estate 	241.0
florida 	st augustine 	104.0
florida 	panama city 	118.0
florida 	jacksonville 	133.0
florida 	tampa 	155.0
messager 	yahoo 	132.0
big black 	dicks 	154.0
big black 	booty 	106.0
big black 	tits 	110.0
americal 	idol 	186.0
bookmark 	tommys 	142.0
american 	idols 	144.0
american 	greeting cards 	357.0
american 	racing wheels 	119.0
american 	greeting 	207.0
american 	inventor 	331.0
shelby county 	texas 	131.0
charleston 	south carolina 	150.0
castle 	howl 	243.0
austin 	craigslist 	262.0
austin 	craiglist 	115.0
austin 	texas 	297.0
adventure 	alligator 	103.0
msn.com 	www 	390.0
budweiser 	steins 	111.0
pork 	swine 	117.0
the league of extraordinary gentlemen 	trailers 	224.0
bernadette 	connor 	237.0
fantasy 	finder 	332.0
dond 	www.nbc.com 	442.0
dond 	nbc.com 	1580.0
spanish 	translator 	1490.0
spanish 	translation 	1733.0
spanish 	translater 	101.0
hairstyles 	updo 	130.0
hairstyles 	prom 	2350.0
hairstyles 	wedding 	359.0
booty 	onion 	334.0
booty 	ghetto 	121.0
glitter 	myspace 	279.0
lolita 	preteen 	126.0
lolita 	mpegs 	116.0
lolita 	sex 	156.0
angelina jolie 	nude 	124.0
horse 	trailers 	171.0
horse 	sex 	198.0
drivers license 	florida 	111.0
ebay com 	www 	1225.0
tyra banks 	wallpaper 	101.0
myspace 	top 16 	144.0
myspace 	www 	6571.0
myspace 	tracker 	454.0
myspace 	polka dot 	102.0
myspace 	pimp 	133.0
fuckers 	horse 	124.0
north carolina 	wilmington 	110.0
north carolina 	real estate 	141.0
bahamas 	nassau 	135.0
boating 	nude 	215.0
boating 	topless 	111.0
nine west 	shoes 	123.0
journal news 	rockland 	121.0
jed 	oil 	191.0
jed 	yahoo 	191.0
addicting 	games.com 	1158.0
chaser 	truck 	147.0
hard core 	porno 	143.0
mermaid 	tattoo 	105.0
jeff fatt 	the wiggle 	154.0
phone sex 	porno 	155.0
malibu 	strings 	127.0
hotmail.com 	www 	606.0
hun 	yellow pages 	384.0
brushes 	psp 	104.0
airasia 	stock quote 	171.0
colorado 	remax 	112.0
colorado 	durango 	110.0
colorado 	estes park 	113.0
capital one 	credit card 	104.0
tax.com 	turbo 	168.0
craigslist.com 	www 	316.0
swingers 	true stories 	128.0
stocking 	tease 	426.0
television 	theme songs 	1142.0
keyword 	password 	107.0
keyword 	web address 	147.0
search.com 	toolbar 	200.0
merrell 	shoes 	147.0
bea 	flora 	105.0
mapquest.com 	www 	351.0
ebay 	pottery 	126.0
ebay 	glass 	126.0
ebay 	www 	112.0
car rentals 	enterprise 	105.0
cheat codes 	playstation 2 	148.0
cheat codes 	xbox 	129.0
tractor 	yesterdays 	233.0
charlotte 	north carolina 	124.0
rene 	vicki 	235.0
coloring pages 	easter 	295.0
angel 	tattoos 	318.0
angel 	slut 	154.0
curtains 	kitchen 	131.0
boston 	craigslist 	626.0
boston 	reefers 	383.0
boston 	real estate 	200.0
free world 	porn 	104.0
rat 	triumph 	154.0
rap 	razor 	145.0
alexa 	model 	125.0
hentai 	naruto 	108.0
hentai 	teen titans 	107.0
backseat 	bangers 	108.0
nipples 	puffy 	232.0
ark 	noah 	163.0
kubota 	tractors 	111.0
attorney general 	texas 	132.0
dallas 	texas 	233.0
pa 	reading 	105.0
pa 	tribune 	108.0
pa 	unemployment 	108.0
hamper 	hollywood 	133.0
clearwater 	florida 	107.0
montgomery county 	ohio 	127.0
quill 	sugar 	155.0
babes 	bikini 	229.0
babes 	biker 	155.0
babes 	boots 	158.0
music videos 	myspace 	161.0
korean 	porno 	107.0
panties 	pink 	101.0
panties 	sissy 	200.0
bow wow 	chat 	146.0
butterfly 	tattoos 	401.0
butterfly 	tattoo 	274.0
halle berry 	nude 	174.0
auto parts 	discount 	108.0
auto parts 	oreilly 	104.0
anatomy 	gray 	104.0
puma 	shoes 	110.0
cancer symptoms 	colon 	108.0
knee 	surgery 	120.0
match.com 	www 	127.0
model 	preteen 	111.0
muscle 	www 	184.0
closet 	plato 	112.0
chronicle 	raymondville 	132.0
chronicle 	clarksville 	105.0
alarm 	installer 	122.0
alarm 	new york 	122.0
brackets 	ncaa basketball 	131.0
disease 	paget 	108.0
disease 	parkinson 	115.0
los angeles 	want ads 	143.0
barrel 	crate 	187.0
hips 	n't 	197.0
mothers day 	poem 	109.0
cruiser 	milf 	150.0
cute 	myspace layouts 	196.0
ringtones 	sprint 	278.0
grandmas 	nude 	123.0
celebrities 	naked 	176.0
chicken fight 	pool party 	107.0
gatlinburg 	tennessee 	127.0
gatlinburg 	weddings 	122.0
keywords 	web addresses 	1328.0
earth 	goggle 	157.0
nevada 	reno 	156.0
national city 	online banking 	414.0
laughlin 	nevada 	160.0
greenbay 	press gazette 	126.0
fiberglass 	pools 	117.0
carports 	metal 	105.0
bush 	president 	168.0
jam 	turbo 	265.0
black 	booty 	796.0
black 	sex 	281.0
black 	clydesdale 	234.0
black 	hair styles 	300.0
black 	trannies 	105.0
black 	hoes 	112.0
black 	hairstyles 	288.0
black 	fat ass 	159.0
black 	dicks 	128.0
black 	wentworth miller 	119.0
january jones 	message board 	149.0
hotel new york 	hudson 	155.0
jermaine 	walters 	335.0
michigan 	state 	318.0
honda 	motorcycle parts 	189.0
honda 	motorcycle 	150.0
lolitas 	preteen 	330.0
lolitas 	russian 	141.0
lolitas 	nude 	163.0
crosswords 	johnston 	101.0
body search 	prisoner 	107.0
walmart.com 	www 	107.0
richards 	thumbnails 	149.0
ashanti 	nude 	109.0
chips 	flash 	111.0
chanel 	handbags 	225.0
chanel 	disney 	405.0
skull 	tattoos 	101.0
gba 	roms 	249.0
citibank 	mastercard 	146.0
hole 	sticky 	107.0
bird 	cages 	121.0
naked 	tatoo 	121.0
naked 	tattoo 	145.0
naked 	pamela anderson 	146.0
naked 	paris hilton 	177.0
naked 	oops 	153.0
banking 	comerica 	126.0
banking 	comerica bank 	235.0
april fools 	pranks 	115.0
ohio 	state 	253.0
ohio 	taxation 	111.0
celeb 	nude 	146.0
hilary duff 	joel madden 	305.0
hilary duff 	nude 	131.0
etudes 	merritt college 	108.0
hardwood 	hearts 	139.0
free live 	web cams 	345.0
free live 	sex 	147.0
esmeralda 	gala 	132.0
pogo.com 	www 	581.0
pogo.com 	solitaire 	503.0
sex 	xxx 	233.0
sex 	stocking 	115.0
dragonball 	porno 	137.0
dragonball 	sailor moon 	137.0
broward county 	property appraiser 	164.0
greece 	limnos 	142.0
chambers 	hotel new york 	102.0
carmen sandiego 	where in the world 	190.0
branson 	missouri 	319.0
lancaster 	pa 	184.0
bashment 	steelie 	145.0
prom dresses 	tiffany 	112.0
colorado springs school 	district 20 	167.0
ornament 	thomas blackshear 	101.0
swimwear 	vix 	102.0
state 	virginia 	103.0
state 	texas 	163.0
thongs 	whale tale 	178.0
cocks 	monster 	174.0
prada 	shoes 	128.0
eros 	ohio 	225.0
email 	netzero 	166.0
email 	verizon 	110.0
email 	finder 	137.0
latin 	translator 	147.0
latin 	pussy 	161.0
latin 	whores 	132.0
paul field 	the wiggle 	285.0
nashville 	tennessee 	109.0
butts 	nice 	140.0
amex 	bema gold 	473.0
chihuahua 	teacup 	119.0
aol customer service 	phone number 	112.0
kim possible 	porn 	172.0
nick com 	www 	243.0
nick com 	zoey101 	117.0
black and white 	paper dolls 	360.0
auto loan 	calculator 	119.0
easy spirit 	shoes 	127.0
generator 	myspace 	130.0
pitt 	zahara jolie 	114.0
las vegas 	nevada 	165.0
fraternity 	paddles 	156.0
buzz 	soap opera 	164.0
delete 	screen name 	109.0
pakistan 	swat 	103.0
little house on the prairie 	message board 	139.0
nextel 	ring tones 	116.0
drunk 	sex orgy 	129.0
new concord 	oh 	106.0
jeans 	red monkey 	151.0
jeans 	tummy tuck 	157.0
mystery case files 	prime suspects 	788.0
incest 	prepubescent 	140.0
incest 	sex 	153.0
area codes 	telephone 	112.0
tucks 	tummy 	133.0
platinum 	romance 	213.0
asphyxia 	snuff 	136.0
bathroom 	cabinets 	225.0
bathroom 	sinks 	169.0
bathroom 	vanity 	161.0
midland 	telegram 	162.0
midland 	reporter 	162.0
bukkake 	jizz 	103.0
anna benson 	nude 	153.0
new balance 	shoes 	151.0
bees 	tumble 	300.0
greg page 	the wiggle 	435.0
bbw 	daisy 	199.0
pravda 	russian 	131.0
addison 	disease 	114.0
nickel 	thrifty 	162.0
verizon 	white pages 	218.0
gas 	scooters 	179.0
corinthians 	sermons 	137.0
aviation 	kansas 	299.0
aviation 	wichita 	299.0
hardcore 	junky 	256.0
2006 classic 	alabama 	179.0
disney channel 	high school musical 	104.0
lebanese 	lobby 	206.0
georgia 	savannah 	315.0
georgia 	lotto 	207.0
georgia 	helen 	236.0
daily record 	morristown 	111.0
aol.com 	cid 	121.0
bikini 	xxx 	154.0
bikini 	dare 	241.0
replica 	sunglasses 	102.0
shear 	tree 	113.0
newspaper 	tennessee 	444.0
intranet 	www 	104.0
35th 	adidas superstar 	101.0
35th 	shoe 	101.0
chicken soup 	tortilla 	114.0
chicken soup 	meatballs 	103.0
eye lift 	surgery 	433.0
ducky 	porn 	146.0
dublin 	ireland 	111.0
calculator 	pregnancy 	139.0
calculator 	loan 	395.0
calculator 	due date 	146.0
calculator 	ovulation 	165.0
calculator 	gpa 	132.0
telephone 	white pages 	118.0
destin 	fl 	184.0
destin 	florida 	336.0
message boards 	pregnancy 	162.0
skype 	yahoo 	126.0
arabic 	chat 	120.0
arabic 	sex 	120.0
ie 	toolbar 	200.0
ie 	search.com 	200.0
chase 	credit card 	181.0
chase 	www 	184.0
chase 	credit cards 	118.0
chase 	creditcards 	210.0
clip art 	easter 	136.0
tool boxes 	truck 	142.0
jessica simpson 	naked 	106.0
jessica simpson 	nude 	357.0
jessica simpson 	shoes 	121.0
author 	romance 	106.0
author 	kimberly 	106.0
author 	logan 	106.0
barnes 	noble 	563.0
county clerk of courts 	summit 	115.0
county clerk of courts 	franklin 	105.0
dolly parton 	nude 	157.0
bella 	tania 	124.0
401k 	www 	163.0
401k 	fidelity 	154.0
craigslist 	sacramento 	261.0
craigslist 	san diego 	151.0
craigslist 	denver 	293.0
craigslist 	los angeles 	339.0
craigslist 	new york city 	141.0
craigslist 	washington dc 	162.0
craigslist 	portland 	710.0
craigslist 	seattle 	351.0
myrtle beach 	south carolina 	181.0
lindsay lohan 	nude 	135.0
jessica alba 	nude 	209.0
exhaust 	porsche 	109.0
oil 	yahoo 	191.0
columbia 	university of missouri 	103.0
annie 	mailbox 	256.0
cigar 	smoking fetish 	115.0
costa rica 	real estate 	120.0
beast 	sex 	169.0
ion 	thunder 	394.0
portal 	preteen 	197.0
cartoon 	naked 	107.0
mil 	mypay 	104.0
mail.com 	yahoo 	1154.0
free games 	pogo 	264.0
nylon 	porn 	103.0
ashley 	flores 	116.0
daytona 	news journal 	138.0
bondage 	wizard 	166.0
department of revenue 	indiana 	134.0
department of revenue 	louisiana 	135.0
department of revenue 	florida 	113.0
jai alai 	miami 	109.0
german shepherd 	puppies 	170.0
auditor 	franklin county 	146.0
auditor 	trumbull county 	114.0
auditor 	hamilton county 	105.0
english 	translator 	506.0
english 	russian 	131.0
english 	translation 	725.0
english 	pravda 	131.0
english 	spanish 	3074.0
alabama 	classic car 	196.0
alabama 	antique car 	1340.0
alabama 	gulf shores 	176.0
breaker 	naked 	164.0
drawing 	lottery 	108.0
drawing 	texas 	108.0
etiquette 	wedding 	131.0
craigs list 	monterey 	311.0
craigs list 	new york 	826.0
craigs list 	los angeles 	732.0
craigs list 	orange county 	118.0
craigs list 	portland 	211.0
craigs list 	seattle 	164.0
craigs list 	want ads 	143.0
craigs list 	tampa 	376.0
cakes 	easter 	101.0
cakes 	communion 	108.0
cakes 	diaper 	104.0
southwest.com 	www 	126.0
chat room 	senior citizens 	128.0
greetings 	yahoo 	181.0
devon energy 	message board 	301.0
personals 	yahoo.com 	107.0
illinois 	state 	227.0
illinois 	lotto 	153.0
spaghetti western 	web board 	301.0
property appraiser 	volusia county 	101.0
jokers wild 	poker 	404.0
natalie portman 	nude 	126.0
cancer 	horoscope 	113.0
gay men 	nude 	168.0
rose 	tattoos 	145.0
white pages 	yahoo 	128.0
cemetery 	mcvean 	103.0
blog 	celebrity 	110.0
kimberly 	romance 	106.0
kimberly 	logan 	1155.0
kimberly 	sins 	588.0
dance 	mime 	131.0
anna kournikova 	bikini 	136.0
hookah 	tobacco 	105.0
suzan 	woodruff 	168.0
easter 	wallpaper 	140.0
finder 	pet 	232.0
finder 	freind 	136.0
tests 	typing 	110.0
ben rice 	blues 	116.0
delhi 	louisiana 	103.0
virginia 	williamsburg 	132.0
caps 	truck 	160.0
test 	typing 	774.0
boxer 	rec 	140.0
boxer 	puppies 	119.0
jonesboro 	sun 	110.0
shadow 	sonic 	308.0
furniture 	jordans 	136.0
furniture 	leather 	145.0
furniture 	wicker 	278.0
furniture 	lexington 	126.0
furniture 	north carolina 	249.0
furniture 	macys 	115.0
furniture 	hooker 	265.0
slingo 	xpress 	323.0
masonic 	rosicrucian 	107.0
one life to live 	spoilers 	161.0
free black 	porn 	129.0
department of motor vehicles 	florida 	103.0
nude 	paula abdul 	143.0
nude 	webcam 	106.0
nude 	pam anderson 	145.0
nude 	paris hilton 	566.0
nude 	stacy keibler 	142.0
nude 	wwe divas 	358.0
nude 	trish stratus 	112.0
nude 	slut 	153.0
nude 	sharon stone 	214.0
nude 	preteen models 	178.0
nude 	pamela anderson 	377.0
nude 	preteen 	385.0
nude 	shakira 	133.0
nude 	swing 	164.0
nude 	preteens 	133.0
huns 	yellowpages 	205.0
huns 	yellow pages 	1311.0
candy 	molds 	145.0
manhattan 	men seeking men 	115.0
bankofamerica.com 	www 	435.0
bellsouth 	white pages 	120.0
bellsouth 	email 	112.0
claw 	plush crane machine 	131.0
bamboo 	fences 	119.0
bruin 	gold 	135.0
heel 	pain 	125.0
italian 	translator 	106.0
italian 	translation 	135.0
italian 	stilettos 	127.0
antique 	tractors 	152.0
bellamy 	merlin 	144.0
www 	yahoo.com 	4281.0
www 	yahoo 	170.0
www 	yahoo mail 	558.0
google 	search.com 	102.0
czech 	newspaper 	167.0
czech 	nymphets 	109.0
mowers 	zero turn 	204.0
deaf 	missouri 	121.0
handjob 	hetero 	109.0
hair 	prom 	829.0
hair 	wedding 	116.0
aa.com 	www 	135.0
disneychannel.com 	www 	350.0
mustang 	saleen 	103.0
wachovia.com 	www 	171.0
pilates 	winsor 	114.0
obsessed 	wrestling 	108.0
sudan 	www 	106.0
bedding 	discount 	110.0
lotto 	michigan 	113.0
fox 	idol 	104.0
meds 	pet 	238.0
prom 	shoes 	269.0
dragon ball z 	trunks 	126.0
alias smith and jones 	fan fiction 	124.0
abercrombie 	fitch 	118.0
birth chart 	chinese 	282.0
avatar 	jayco 	112.0
bingo 	fortune 	395.0
columbus 	ohio 	158.0
football 	tony tucker 	109.0
epson 	printers 	174.0
child support 	pa 	138.0
exile island 	survivor 	149.0
grannies 	hirsute 	104.0
lexmark 	printers 	109.0
cosenza 	devon 	170.0
palm beach county 	property appraiser 	126.0
discount 	tires 	244.0
discount 	shoes 	165.0
discount 	furniture 	252.0
janelle 	snow 	102.0
erotica 	mpegs 	200.0
johnstown 	pa 	108.0
johnstown 	obituaries 	108.0
johnstown 	tribune 	108.0
harley davidson 	motorcycles 	109.0
housekeeping 	worcester 	124.0
ace 	games.com 	142.0
jeep 	quadratrac 	101.0
jeep 	pyne 	249.0
albanian 	newspaper 	219.0
merced 	sun star 	115.0
airline 	reservations 	127.0
airline 	american 	468.0
airline 	frontier 	117.0
airline 	america west 	208.0
airline 	jet blue 	130.0
vaginal 	warts 	116.0
perky 	tits 	110.0
puppies 	teacup 	155.0
puppies 	yorkie 	101.0
amber 	dean 	127.0
amber 	easton 	116.0
truckee 	weather forecast 	108.0
potato 	soup 	113.0
miroku 	sango 	114.0
britney spears 	naked 	108.0
britney spears 	nude 	251.0
britney spears 	pregnant 	137.0
hair styles 	prom 	929.0
hair styles 	wedding 	169.0
aol keyword 	spyware defense 	133.0
aol keyword 	safety 	108.0
aol keyword 	rom 	108.0
abacos 	bahamas 	125.0
maddox jolie 	pitt 	123.0
cingular 	ringtones 	320.0
naturalizer 	shoes 	197.0
pen pals 	prison 	147.0
credit union 	vantage 	194.0
credit union 	family 	106.0
credit union 	edwards 	140.0
credit union 	suffolk 	173.0
credit union 	langley 	105.0
credit union 	general electric 	103.0
credit union 	erie 	103.0
credit union 	dover 	150.0
bankruptcy 	personal loans 	108.0
sexy women 	swimwear 	169.0
mississippi 	tunica 	140.0
fabric 	timeless 	142.0
arcade 	flash 	106.0
new jersey 	plastic surgery 	108.0
new jersey 	wildwood 	126.0
museum 	natural history 	183.0
tama 	teine 	108.0
hertz 	rental car 	112.0
cats 	ragdoll 	114.0
message board 	yahoo 	165.0
nextdoor 	nikki 	115.0
gin 	jungle 	419.0
mohair 	yarn 	103.0
bubble 	butts 	222.0
cindy margolis 	nude 	114.0
atlantis 	bahamas 	130.0
atlantis 	vaults 	179.0
screen name 	switch 	131.0
bus 	grayhound 	108.0
cabinet 	hardware 	261.0
over the knee 	spanking 	171.0
diaper 	plastic 	113.0
familia 	polanco 	129.0
granny 	sex 	131.0
russian 	teen sex 	143.0
spades 	yahoo 	135.0
carmen electra 	nude 	259.0
games.com 	pogo 	423.0
games.com 	yahoo 	417.0
charmed 	spoilers 	158.0
genealogy 	shelby county 	131.0
genealogy 	texas 	131.0
genealogy 	message boards 	132.0
chat rooms 	gay 	131.0
angels 	cherub 	110.0
angels 	anime 	111.0
college girls 	drunk 	115.0
apache junction 	arizona 	161.0
arrecifes 	coral 	105.0
driver ed 	games.com 	114.0
jumbo 	pens 	129.0
fantasy baseball 	yahoo 	535.0
chapels 	sinai 	121.0
cover letters 	sample 	144.0
duro 	sexo 	137.0
400s 	suzuki 	101.0
kid rock 	sex tape 	130.0
nudity 	russian 	329.0
domino 	pizza 	133.0
circus 	universal soul 	135.0
family guy 	porn 	103.0
chat 	jamaica 	158.0
chat 	emily strange 	204.0
chat 	family 	119.0
chat 	german 	107.0
chat 	sex 	120.0
chat 	kerala 	181.0
chat 	harley 	163.0
ask com 	www 	250.0
erie 	general electric 	103.0
big booty 	latina 	110.0
daily times 	noblesville 	110.0
arrowhead 	credit union 	231.0
aubrey 	taylor 	142.0
craiglist 	new york 	208.0
department 	disney world 	194.0
department 	ohio 	225.0
department 	taxation 	111.0
department 	jerry patterson 	194.0
department 	family 	114.0
san antonio 	texas 	193.0
coupons 	las vegas 	145.0
coupons 	target 	114.0
paris hilton 	sex video 	195.0
phoenix 	tattoos 	186.0
phoenix 	tattoo 	149.0
marlboro 	mass 	145.0
kansas 	wichita 	776.0
sleazy 	xxx 	126.0
diet 	low cholesterol 	105.0
trailers 	utility 	238.0
medications 	pet 	143.0
midget 	porn 	163.0
nissan 	pavillion 	105.0
bank robbers 	black 	438.0
toasts 	wedding 	129.0
ann arbor news 	college football 	107.0
jewelry 	wholesale 	101.0
jones 	zeta 	170.0
fighter 	squadrons 	172.0
fighter 	us air force 	172.0
chords 	guitar 	392.0
baker 	furniture 	115.0
aetna 	navigator 	183.0
mass 	state lottery 	234.0
box elder 	bugs 	123.0
banners 	myspace 	225.0
blow jobs 	granny 	281.0
dallas cowboys 	texas 	139.0
