amish 	donkey 	1.0
rom 	safety 	2.0
chinese 	gender 	1.0
jewel quest 	yahoo games 	1.0
mandy 	midwest 	1.0
celebs 	naked 	1.0
celebs 	nude 	1.0
celebs 	robbs 	1.0
hawaii 	maui 	1.0
baby 	cribs 	1.0
baby 	pussy 	1.0
baby 	celebrity 	1.0
baby 	blog 	1.0
baby 	stuff 	1.0
baby 	furniture 	1.0
financial bank 	mb 	1.0
asian 	pussy 	1.0
asian 	uh oh 	1.0
asian 	sex 	1.0
edu 	www 	1.0
dalton 	kenzie 	1.0
american idol 	message boards 	1.0
american idol 	chat 	1.0
gl 	wetlands 	1.0
atlanta 	craigslist 	1.0
atlanta 	georgia 	1.0
gi 	oh 	1.0
ballet 	swan lake 	1.0
apartment 	mikes 	1.0
apartment 	rent 	1.0
apartment 	finder 	1.0
tz 	yamaha 	1.0
clipart 	easter 	1.0
clipart 	microsoft 	1.0
icons 	myspace 	2.0
online banking 	wells fargo 	1.0
online banking 	suntrust 	1.0
jenna jameson 	nude 	1.0
flash 	no deposit 	1.0
flash 	games.com 	1.0
flash 	rack 	1.0
editors 	myspace 	1.0
shack 	sperm 	1.0
kuma 	sutra 	1.0
maryland 	ocean city 	1.0
crest 	pacific 	1.0
friendly 	pet 	1.0
big boobs 	lanas 	1.0
big boobs 	lana 	1.0
cockers 	zim 	1.0
cockers 	family 	1.0
fireplaces 	gas 	1.0
www.yahoo.com 	www.yahoo.com 	1.0
frequencies 	scanner 	1.0
kitty 	persian 	1.0
fat 	pussy 	1.0
fat 	plumpers 	1.0
big ass 	fat 	1.0
isabella 	soprano 	1.0
goblet of fire 	harry potter 	1.0
llama 	pistols 	1.0
airfare 	discount 	1.0
jobster 	www 	1.0
cingular.com 	www 	1.0
squadrons 	us air force 	1.0
magic 	the gathering 	1.0
magic 	mirror 	1.0
cable 	mercruiser 	1.0
celebrity 	hairstyles 	1.0
celebrity 	gossip 	1.0
celebrity 	nudes 	1.0
celebrity 	hair styles 	1.0
country style 	home decor 	1.0
eve 	sex tape 	1.0
anna nicole smith 	nude 	1.0
anthony field 	the wiggle 	1.0
real estate 	remax 	1.0
airgun 	hunting 	1.0
rack 	shoes 	1.0
rack 	tire 	1.0
cookies 	wedding 	1.0
cookies 	delete 	1.0
amatuer 	pin 	1.0
porn 	vintage 	1.0
porn 	xxx 	1.0
porn 	sex 	1.0
porn 	preteen 	1.0
porn 	russian 	1.0
porn 	queens 	1.0
bleeding 	implantation 	1.0
erotic 	nifty 	3.0
fawcett 	gabriel 	1.0
pornography 	vintage 	1.0
click 	web address 	1.0
click 	keyword 	1.0
crests 	family 	1.0
monster 	nike shox 	1.0
blouse 	ruffle 	1.0
cargo 	trailers 	1.0
nude models 	preteen 	1.0
chicago 	craigslist 	1.0
chicago 	craigs list 	1.0
chicago 	eros 	1.0
panama 	survivor 	1.0
fan club 	john daly 	1.0
cell 	phone directory 	1.0
cell 	phone numbers 	1.0
sex pictures 	taboo 	1.0
sex pictures 	zoo 	1.0
bass 	shoes 	1.0
battle of coral sea 	world war 2 	1.0
king arthur 	trailers 	1.0
dot com 	ebaumsworld 	1.0
disney 	www 	2.0
disney 	polynesian resort 	1.0
disney 	porn 	1.0
lodi 	sentinel 	1.0
pug 	puppies 	1.0
pug 	village 	1.0
christian 	clip art 	1.0
reporter 	telegram 	1.0
herb 	vest 	1.0
french 	translator 	1.0
french 	translation 	1.0
french 	pastry 	1.0
porno 	sailor moon 	1.0
china 	reps 	1.0
days of our lives 	spoilers 	1.0
belize 	real estate 	1.0
bed and breakfast 	key west 	1.0
gay 	group sex 	1.0
gay 	personals 	1.0
gay 	sex stories 	1.0
auction 	ebay 	1.0
appraisal 	harris county 	1.0
bank of america 	online banking 	1.0
bank of america 	www 	1.0
casino 	no deposit 	1.0
angeles city 	philippines 	1.0
alta 	gay 	1.0
gourd 	sugar 	1.0
airport 	retail 	1.0
ako 	webmail 	1.0
gallaries 	porn 	1.0
calculators 	mortgage 	1.0
convertor 	currency 	1.0
family 	watchdog 	1.0
family 	incest 	1.0
family 	ohio 	1.0
family 	zim 	1.0
family 	search.com 	1.0
falsity 	truth 	1.0
cell phones 	motorola 	1.0
cell phones 	prepaid 	1.0
grandma 	grandpa 	1.0
africa 	nude 	1.0
africa 	chad 	1.0
julia 	louis dreyfus 	1.0
sonya 	zeigler 	1.0
cheats 	pogo 	1.0
cheats 	runescape 	1.0
cheats 	xbox 	1.0
cheats 	kingdom hearts 2 	1.0
cheats 	psp 	1.0
cheats 	playstation 2 	1.0
8th street 	latinas 	1.0
composer 	koji nakano 	1.0
blue mountain 	greeting cards 	1.0
bookmarks 	tommys 	1.0
bookmarks 	tommy 	1.0
taboo 	zoo 	1.0
heaven 	paperdoll 	1.0
lottery 	michigan.gov 	1.0
lottery 	mass 	1.0
lottery 	main page 	1.0
lottery 	texas 	1.0
handbags 	replica 	1.0
indians 	nansemond 	1.0
pigeon forge 	tenn 	1.0
france 	paris 	1.0
france 	yahoo 	1.0
bayou 	queen 	1.0
asses 	big tits 	1.0
asses 	spank 	1.0
jelly bean 	prayer 	1.0
comcast 	forums 	1.0
badcock 	furniture 	1.0
generators 	honda 	1.0
generators 	myspace 	1.0
comic book 	forums 	1.0
poodles 	teacup 	1.0
diamond 	sportsbook 	1.0
farm animals 	mating 	1.0
yahoo 	yellow pages 	1.0
oregon 	portland 	1.0
oregon 	real estate 	1.0
glass 	pottery 	1.0
asheville 	north carolina 	1.0
rabbit 	wallace and gromit 	1.0
disney world 	jerry patterson 	1.0
delta dental 	michigan 	1.0
fall out boy 	houston 	1.0
eden 	gay 	1.0
blue book 	kelly 	1.0
blue book 	nada 	1.0
cat 	loader 	1.0
hairdos 	prom 	1.0
flo 	jalin 	1.0
fla 	lotto 	1.0
fla 	lottery 	1.0
carmen 	hayes 	1.0
dollars 	morgan 	1.0
coldwell banker 	real estate 	1.0
heart 	tattoos 	1.0
heart 	tattoo 	1.0
nursing 	trivia 	1.0
anal sex 	porn 	1.0
indie 	nudes 	1.0
fuck 	my wife 	1.0
eva longoria 	nude 	1.0
cosmetic surgery 	new jersey 	1.0
sleeper 	wrestling 	1.0
bad credit 	personal loans 	1.0
clothing 	wholesale 	1.0
clothing 	hip hop 	1.0
clothing 	hollister 	1.0
airplane 	midwest 	1.0
joe cox 	nudes 	1.0
pogo 	www 	1.0
reynolds 	used car 	1.0
gucci 	sunglasses 	1.0
gucci 	handbags 	1.0
brevard 	county clerk of courts 	1.0
animal 	jaguar 	1.0
panic 	shanghai 	1.0
idaho 	montpelier 	1.0
anime 	sex 	1.0
anime 	porn 	1.0
one tree hill 	spoilers 	1.0
poker 	temple 	1.0
sandwich 	sex doll 	1.0
cancun 	mexico 	1.0
gardner 	webb 	1.0
hot women 	sex 	1.0
instant messenger 	yahoo 	1.0
instant messenger 	skype 	1.0
maltese 	puppies 	1.0
italy 	venice 	1.0
italy 	rome 	1.0
fl 	lottery 	1.0
fl 	sarasota 	1.0
fl 	lotto 	2.0
fl 	orlando 	1.0
fl 	key west 	1.0
fl 	jacksonville 	1.0
big shot 	roulette 	1.0
beauty and the beast 	disney 	1.0
lyndhurst 	new jersey 	1.0
dragon 	tattoos 	1.0
dragon 	tattoo 	1.0
cigarettes 	discount 	1.0
currency exchange rate 	malaysian 	1.0
jungle 	wedding 	1.0
bakers 	shoes 	1.0
dream 	sleazy 	1.0
dream 	horse 	1.0
manga 	vampire 	1.0
patio 	umbrellas 	1.0
galveston 	texas 	1.0
houston 	texas 	1.0
mexican 	pharmacy 	1.0
shoes 	wedding 	1.0
denise austin 	nude 	1.0
nausicaa 	wind 	1.0
live action 	the simpsons 	1.0
my space 	pimp 	1.0
logan 	romance 	1.0
logan 	sins 	1.0
motorcycle 	trailers 	1.0
motorcycle 	suzuki 	1.0
bainbridge 	searchlight 	1.0
installer 	new york 	1.0
fidelity 	www 	1.0
horny 	naked 	1.0
astrology 	yahoo 	1.0
jennifer aniston 	nude 	1.0
national bank 	suffolk county 	1.0
beyonce 	naked 	1.0
beyonce 	nude 	1.0
new orleans 	tv 4 	1.0
dollz 	mania 	1.0
baby shower 	cake 	1.0
baby shower 	cakes 	1.0
texas 	workforce 	1.0
texas 	waco 	1.0
firearms 	glock 	1.0
finance 	nyc.gov 	1.0
moms 	nasty 	1.0
cannoli 	shells 	1.0
general hospital 	spoilers 	1.0
general hospital 	happenings 	2.0
hunter 	milf 	1.0
3rd grade 	science water 	1.0
lesson plans 	preschool 	1.0
talofa 	teine 	1.0
talofa 	tama 	1.0
bang 	my wife 	2.0
vouge 	xxx 	1.0
german 	translator 	1.0
german 	translation 	1.0
dickie 	virgin 	1.0
barbie 	puter 	1.0
barbie 	silkstone 	1.0
all my children 	spoilers 	1.0
nami 	one piece 	1.0
detroit 	rob zombie 	1.0
spy 	zapper 	1.0
newport 	news.com 	1.0
newport 	rhode island 	1.0
google search 	www 	1.0
fairy 	tattoos 	1.0
fairy 	wallpaper 	1.0
pizza 	sausage 	1.0
trailer 	xxx 	1.0
em 	texas 	1.0
england 	london 	1.0
weather.com 	www 	1.0
candice michelle 	nude 	1.0
gary larson 	the far side 	1.0
energy 	enterra 	1.0
adam miller 	genealogy 	1.0
univision.com 	www 	1.0
democrat 	pa 	1.0
democrat 	obituaries 	1.0
democrat 	tribune 	1.0
democrat 	johnstown 	1.0
passwords 	xxx 	1.0
phentermine 	prescription 	1.0
chubby 	pussy 	1.0
braided 	rugs 	1.0
marvin gaye 	tabs 	1.0
goo 	www 	1.0
flower 	tattoo 	1.0
flower 	tattoos 	1.0
pokemon 	sex 	1.0
cartoonnetwork 	www 	1.0
diesel 	shoes 	1.0
adidas superstar 	shoe 	1.0
arkansas 	hot springs 	1.0
arkansas 	eureka springs 	1.0
daddies 	silver 	1.0
electronics 	fry 	1.0
nudes 	preteen 	1.0
ass 	nude 	1.0
ass 	phat 	1.0
ass 	black 	2.0
ass 	parade 	1.0
ass 	panty 	1.0
desktop themes 	disney 	1.0
arizona 	soccer 	1.0
arizona 	phoenix 	1.0
arizona 	sedona 	1.0
jessica 	loud 	1.0
jessica 	london 	1.0
resume 	sample 	1.0
resume 	samples 	1.0
espanol 	yahoo 	1.0
ecards 	hallmark 	1.0
ecards 	free love 	1.0
blue cross 	california 	1.0
beatty 	mario 	1.0
kayla 	mize 	1.0
obituaries 	pa 	1.0
obituaries 	tribune 	1.0
amazon.com 	www 	1.0
electronic mail 	maryville university 	1.0
aol toolbar 	search.com 	1.0
asn 	www 	1.0
fiat 	x19 	1.0
bike week 	myrtle beach 	1.0
equine 	li 	1.0
geometry 	grade 4 	1.0
florida 	marion county 	1.0
florida 	snakes 	1.0
florida 	sarasota 	1.0
florida 	lakeland 	1.0
florida 	orlando 	1.0
florida 	naples 	1.0
florida 	protective order 	1.0
florida 	real estate 	1.0
florida 	st augustine 	1.0
florida 	panama city 	1.0
florida 	jacksonville 	1.0
florida 	tampa 	1.0
messager 	yahoo 	1.0
big black 	dicks 	1.0
big black 	booty 	1.0
big black 	tits 	1.0
americal 	idol 	1.0
bookmark 	tommys 	1.0
american 	idols 	1.0
american 	greeting cards 	1.0
american 	racing wheels 	1.0
american 	greeting 	1.0
american 	inventor 	1.0
shelby county 	texas 	1.0
charleston 	south carolina 	1.0
castle 	howl 	1.0
austin 	craigslist 	1.0
austin 	craiglist 	1.0
austin 	texas 	1.0
adventure 	alligator 	1.0
msn.com 	www 	1.0
budweiser 	steins 	1.0
pork 	swine 	1.0
the league of extraordinary gentlemen 	trailers 	1.0
bernadette 	connor 	1.0
fantasy 	finder 	1.0
dond 	www.nbc.com 	1.0
dond 	nbc.com 	1.0
spanish 	translator 	4.0
spanish 	translation 	4.0
spanish 	translater 	1.0
hairstyles 	updo 	1.0
hairstyles 	prom 	2.0
hairstyles 	wedding 	1.0
booty 	onion 	2.0
booty 	ghetto 	1.0
glitter 	myspace 	1.0
lolita 	preteen 	1.0
lolita 	mpegs 	1.0
lolita 	sex 	1.0
angelina jolie 	nude 	1.0
horse 	trailers 	1.0
horse 	sex 	1.0
drivers license 	florida 	1.0
ebay com 	www 	3.0
tyra banks 	wallpaper 	1.0
myspace 	top 16 	1.0
myspace 	www 	5.0
myspace 	tracker 	2.0
myspace 	polka dot 	1.0
myspace 	pimp 	1.0
fuckers 	horse 	1.0
north carolina 	wilmington 	1.0
north carolina 	real estate 	1.0
bahamas 	nassau 	1.0
boating 	nude 	1.0
boating 	topless 	1.0
nine west 	shoes 	1.0
journal news 	rockland 	1.0
jed 	oil 	1.0
jed 	yahoo 	1.0
addicting 	games.com 	2.0
chaser 	truck 	1.0
hard core 	porno 	1.0
mermaid 	tattoo 	1.0
jeff fatt 	the wiggle 	1.0
phone sex 	porno 	1.0
malibu 	strings 	1.0
hotmail.com 	www 	1.0
hun 	yellow pages 	2.0
brushes 	psp 	1.0
airasia 	stock quote 	1.0
colorado 	remax 	1.0
colorado 	durango 	1.0
colorado 	estes park 	1.0
capital one 	credit card 	1.0
tax.com 	turbo 	1.0
craigslist.com 	www 	1.0
swingers 	true stories 	1.0
stocking 	tease 	1.0
television 	theme songs 	1.0
keyword 	password 	1.0
keyword 	web address 	1.0
search.com 	toolbar 	1.0
merrell 	shoes 	1.0
bea 	flora 	1.0
mapquest.com 	www 	1.0
ebay 	pottery 	1.0
ebay 	glass 	1.0
ebay 	www 	1.0
car rentals 	enterprise 	1.0
cheat codes 	playstation 2 	1.0
cheat codes 	xbox 	1.0
tractor 	yesterdays 	1.0
charlotte 	north carolina 	1.0
rene 	vicki 	1.0
coloring pages 	easter 	1.0
angel 	tattoos 	1.0
angel 	slut 	1.0
curtains 	kitchen 	1.0
boston 	craigslist 	1.0
boston 	reefers 	1.0
boston 	real estate 	1.0
free world 	porn 	1.0
rat 	triumph 	1.0
rap 	razor 	1.0
alexa 	model 	1.0
hentai 	naruto 	1.0
hentai 	teen titans 	1.0
backseat 	bangers 	1.0
nipples 	puffy 	1.0
ark 	noah 	1.0
kubota 	tractors 	1.0
attorney general 	texas 	1.0
dallas 	texas 	1.0
pa 	reading 	1.0
pa 	tribune 	1.0
pa 	unemployment 	1.0
hamper 	hollywood 	1.0
clearwater 	florida 	1.0
montgomery county 	ohio 	1.0
quill 	sugar 	1.0
babes 	bikini 	1.0
babes 	biker 	1.0
babes 	boots 	1.0
music videos 	myspace 	1.0
korean 	porno 	1.0
panties 	pink 	1.0
panties 	sissy 	1.0
bow wow 	chat 	1.0
butterfly 	tattoos 	1.0
butterfly 	tattoo 	1.0
halle berry 	nude 	1.0
auto parts 	discount 	1.0
auto parts 	oreilly 	1.0
anatomy 	gray 	1.0
puma 	shoes 	1.0
cancer symptoms 	colon 	1.0
knee 	surgery 	1.0
match.com 	www 	1.0
model 	preteen 	1.0
muscle 	www 	1.0
closet 	plato 	1.0
chronicle 	raymondville 	1.0
chronicle 	clarksville 	1.0
alarm 	installer 	1.0
alarm 	new york 	1.0
brackets 	ncaa basketball 	1.0
disease 	paget 	1.0
disease 	parkinson 	1.0
los angeles 	want ads 	1.0
barrel 	crate 	1.0
hips 	n't 	1.0
mothers day 	poem 	1.0
cruiser 	milf 	1.0
cute 	myspace layouts 	1.0
ringtones 	sprint 	2.0
grandmas 	nude 	1.0
celebrities 	naked 	1.0
chicken fight 	pool party 	1.0
gatlinburg 	tennessee 	1.0
gatlinburg 	weddings 	1.0
keywords 	web addresses 	1.0
earth 	goggle 	1.0
nevada 	reno 	1.0
national city 	online banking 	1.0
laughlin 	nevada 	1.0
greenbay 	press gazette 	1.0
fiberglass 	pools 	1.0
carports 	metal 	1.0
bush 	president 	1.0
jam 	turbo 	1.0
black 	booty 	3.0
black 	sex 	1.0
black 	clydesdale 	2.0
black 	hair styles 	1.0
black 	trannies 	1.0
black 	hoes 	1.0
black 	hairstyles 	1.0
black 	fat ass 	1.0
black 	dicks 	1.0
black 	wentworth miller 	1.0
january jones 	message board 	1.0
hotel new york 	hudson 	1.0
jermaine 	walters 	1.0
michigan 	state 	1.0
honda 	motorcycle parts 	1.0
honda 	motorcycle 	1.0
lolitas 	preteen 	1.0
lolitas 	russian 	1.0
lolitas 	nude 	1.0
crosswords 	johnston 	1.0
body search 	prisoner 	1.0
walmart.com 	www 	1.0
richards 	thumbnails 	1.0
ashanti 	nude 	1.0
chips 	flash 	1.0
chanel 	handbags 	1.0
chanel 	disney 	2.0
skull 	tattoos 	1.0
gba 	roms 	1.0
citibank 	mastercard 	1.0
hole 	sticky 	1.0
bird 	cages 	1.0
naked 	tatoo 	1.0
naked 	tattoo 	1.0
naked 	pamela anderson 	1.0
naked 	paris hilton 	1.0
naked 	oops 	1.0
banking 	comerica 	1.0
banking 	comerica bank 	1.0
april fools 	pranks 	1.0
ohio 	state 	1.0
ohio 	taxation 	1.0
celeb 	nude 	1.0
hilary duff 	joel madden 	1.0
hilary duff 	nude 	1.0
etudes 	merritt college 	1.0
hardwood 	hearts 	1.0
free live 	web cams 	1.0
free live 	sex 	1.0
esmeralda 	gala 	1.0
pogo.com 	www 	2.0
pogo.com 	solitaire 	1.0
sex 	xxx 	1.0
sex 	stocking 	1.0
dragonball 	porno 	1.0
dragonball 	sailor moon 	1.0
broward county 	property appraiser 	1.0
greece 	limnos 	1.0
chambers 	hotel new york 	1.0
carmen sandiego 	where in the world 	1.0
branson 	missouri 	1.0
lancaster 	pa 	1.0
bashment 	steelie 	1.0
prom dresses 	tiffany 	1.0
colorado springs school 	district 20 	1.0
ornament 	thomas blackshear 	1.0
swimwear 	vix 	1.0
state 	virginia 	1.0
state 	texas 	1.0
thongs 	whale tale 	1.0
cocks 	monster 	1.0
prada 	shoes 	1.0
eros 	ohio 	1.0
email 	netzero 	1.0
email 	verizon 	1.0
email 	finder 	1.0
latin 	translator 	1.0
latin 	pussy 	1.0
latin 	whores 	1.0
paul field 	the wiggle 	1.0
nashville 	tennessee 	1.0
butts 	nice 	1.0
amex 	bema gold 	1.0
chihuahua 	teacup 	1.0
aol customer service 	phone number 	1.0
kim possible 	porn 	1.0
nick com 	www 	2.0
nick com 	zoey101 	1.0
black and white 	paper dolls 	1.0
auto loan 	calculator 	1.0
easy spirit 	shoes 	1.0
generator 	myspace 	1.0
pitt 	zahara jolie 	1.0
las vegas 	nevada 	1.0
fraternity 	paddles 	1.0
buzz 	soap opera 	1.0
delete 	screen name 	1.0
pakistan 	swat 	1.0
little house on the prairie 	message board 	1.0
nextel 	ring tones 	1.0
drunk 	sex orgy 	1.0
new concord 	oh 	1.0
jeans 	red monkey 	1.0
jeans 	tummy tuck 	1.0
mystery case files 	prime suspects 	2.0
incest 	prepubescent 	1.0
incest 	sex 	1.0
area codes 	telephone 	1.0
tucks 	tummy 	1.0
platinum 	romance 	1.0
asphyxia 	snuff 	1.0
bathroom 	cabinets 	1.0
bathroom 	sinks 	1.0
bathroom 	vanity 	1.0
midland 	telegram 	1.0
midland 	reporter 	1.0
bukkake 	jizz 	1.0
anna benson 	nude 	1.0
new balance 	shoes 	1.0
bees 	tumble 	1.0
greg page 	the wiggle 	1.0
bbw 	daisy 	1.0
pravda 	russian 	1.0
addison 	disease 	1.0
nickel 	thrifty 	1.0
verizon 	white pages 	1.0
gas 	scooters 	1.0
corinthians 	sermons 	1.0
aviation 	kansas 	1.0
aviation 	wichita 	1.0
hardcore 	junky 	1.0
2006 classic 	alabama 	1.0
disney channel 	high school musical 	1.0
lebanese 	lobby 	1.0
georgia 	savannah 	1.0
georgia 	lotto 	1.0
georgia 	helen 	1.0
daily record 	morristown 	1.0
aol.com 	cid 	1.0
bikini 	xxx 	1.0
bikini 	dare 	1.0
replica 	sunglasses 	1.0
shear 	tree 	1.0
newspaper 	tennessee 	1.0
intranet 	www 	1.0
35th 	adidas superstar 	1.0
35th 	shoe 	1.0
chicken soup 	tortilla 	1.0
chicken soup 	meatballs 	1.0
eye lift 	surgery 	1.0
ducky 	porn 	1.0
dublin 	ireland 	1.0
calculator 	pregnancy 	1.0
calculator 	loan 	1.0
calculator 	due date 	1.0
calculator 	ovulation 	1.0
calculator 	gpa 	1.0
telephone 	white pages 	1.0
destin 	fl 	1.0
destin 	florida 	1.0
message boards 	pregnancy 	1.0
skype 	yahoo 	1.0
arabic 	chat 	1.0
arabic 	sex 	1.0
ie 	toolbar 	1.0
ie 	search.com 	1.0
chase 	credit card 	1.0
chase 	www 	1.0
chase 	credit cards 	1.0
chase 	creditcards 	1.0
clip art 	easter 	1.0
tool boxes 	truck 	1.0
jessica simpson 	naked 	1.0
jessica simpson 	nude 	1.0
jessica simpson 	shoes 	1.0
author 	romance 	1.0
author 	kimberly 	1.0
author 	logan 	1.0
barnes 	noble 	1.0
county clerk of courts 	summit 	1.0
county clerk of courts 	franklin 	1.0
dolly parton 	nude 	1.0
bella 	tania 	1.0
401k 	www 	1.0
401k 	fidelity 	1.0
craigslist 	sacramento 	1.0
craigslist 	san diego 	1.0
craigslist 	denver 	1.0
craigslist 	los angeles 	1.0
craigslist 	new york city 	1.0
craigslist 	washington dc 	1.0
craigslist 	portland 	1.0
craigslist 	seattle 	1.0
myrtle beach 	south carolina 	1.0
lindsay lohan 	nude 	1.0
jessica alba 	nude 	1.0
exhaust 	porsche 	1.0
oil 	yahoo 	1.0
columbia 	university of missouri 	1.0
annie 	mailbox 	1.0
cigar 	smoking fetish 	1.0
costa rica 	real estate 	1.0
beast 	sex 	1.0
ion 	thunder 	1.0
portal 	preteen 	1.0
cartoon 	naked 	1.0
mil 	mypay 	1.0
mail.com 	yahoo 	2.0
free games 	pogo 	1.0
nylon 	porn 	1.0
ashley 	flores 	1.0
daytona 	news journal 	1.0
bondage 	wizard 	1.0
department of revenue 	indiana 	1.0
department of revenue 	louisiana 	1.0
department of revenue 	florida 	1.0
jai alai 	miami 	1.0
german shepherd 	puppies 	1.0
auditor 	franklin county 	1.0
auditor 	trumbull county 	1.0
auditor 	hamilton county 	1.0
english 	translator 	3.0
english 	russian 	1.0
english 	translation 	3.0
english 	pravda 	1.0
english 	spanish 	13.0
alabama 	classic car 	1.0
alabama 	antique car 	2.0
alabama 	gulf shores 	1.0
breaker 	naked 	1.0
drawing 	lottery 	1.0
drawing 	texas 	1.0
etiquette 	wedding 	1.0
craigs list 	monterey 	1.0
craigs list 	new york 	2.0
craigs list 	los angeles 	3.0
craigs list 	orange county 	1.0
craigs list 	portland 	1.0
craigs list 	seattle 	1.0
craigs list 	want ads 	1.0
craigs list 	tampa 	1.0
cakes 	easter 	1.0
cakes 	communion 	1.0
cakes 	diaper 	1.0
southwest.com 	www 	1.0
chat room 	senior citizens 	1.0
greetings 	yahoo 	1.0
devon energy 	message board 	1.0
personals 	yahoo.com 	1.0
illinois 	state 	1.0
illinois 	lotto 	1.0
spaghetti western 	web board 	1.0
property appraiser 	volusia county 	1.0
jokers wild 	poker 	2.0
natalie portman 	nude 	1.0
cancer 	horoscope 	1.0
gay men 	nude 	1.0
rose 	tattoos 	1.0
white pages 	yahoo 	1.0
cemetery 	mcvean 	1.0
blog 	celebrity 	1.0
kimberly 	romance 	1.0
kimberly 	logan 	3.0
kimberly 	sins 	1.0
dance 	mime 	1.0
anna kournikova 	bikini 	1.0
hookah 	tobacco 	1.0
suzan 	woodruff 	1.0
easter 	wallpaper 	1.0
finder 	pet 	1.0
finder 	freind 	1.0
tests 	typing 	1.0
ben rice 	blues 	1.0
delhi 	louisiana 	1.0
virginia 	williamsburg 	1.0
caps 	truck 	1.0
test 	typing 	2.0
boxer 	rec 	1.0
boxer 	puppies 	1.0
jonesboro 	sun 	1.0
shadow 	sonic 	1.0
furniture 	jordans 	1.0
furniture 	leather 	1.0
furniture 	wicker 	1.0
furniture 	lexington 	1.0
furniture 	north carolina 	1.0
furniture 	macys 	1.0
furniture 	hooker 	1.0
slingo 	xpress 	1.0
masonic 	rosicrucian 	1.0
one life to live 	spoilers 	1.0
free black 	porn 	1.0
department of motor vehicles 	florida 	1.0
nude 	paula abdul 	1.0
nude 	webcam 	1.0
nude 	pam anderson 	1.0
nude 	paris hilton 	2.0
nude 	stacy keibler 	1.0
nude 	wwe divas 	1.0
nude 	trish stratus 	1.0
nude 	slut 	1.0
nude 	sharon stone 	1.0
nude 	preteen models 	1.0
nude 	pamela anderson 	1.0
nude 	preteen 	3.0
nude 	shakira 	1.0
nude 	swing 	1.0
nude 	preteens 	1.0
huns 	yellowpages 	1.0
huns 	yellow pages 	2.0
candy 	molds 	1.0
manhattan 	men seeking men 	1.0
bankofamerica.com 	www 	1.0
bellsouth 	white pages 	1.0
bellsouth 	email 	1.0
claw 	plush crane machine 	1.0
bamboo 	fences 	1.0
bruin 	gold 	1.0
heel 	pain 	1.0
italian 	translator 	1.0
italian 	translation 	1.0
italian 	stilettos 	1.0
antique 	tractors 	1.0
bellamy 	merlin 	1.0
www 	yahoo.com 	3.0
www 	yahoo 	1.0
www 	yahoo mail 	1.0
google 	search.com 	1.0
czech 	newspaper 	1.0
czech 	nymphets 	1.0
mowers 	zero turn 	1.0
deaf 	missouri 	1.0
handjob 	hetero 	1.0
hair 	prom 	2.0
hair 	wedding 	1.0
aa.com 	www 	1.0
disneychannel.com 	www 	2.0
mustang 	saleen 	1.0
wachovia.com 	www 	1.0
pilates 	winsor 	1.0
obsessed 	wrestling 	1.0
sudan 	www 	1.0
bedding 	discount 	1.0
lotto 	michigan 	1.0
fox 	idol 	1.0
meds 	pet 	1.0
prom 	shoes 	1.0
dragon ball z 	trunks 	1.0
alias smith and jones 	fan fiction 	1.0
abercrombie 	fitch 	1.0
birth chart 	chinese 	1.0
avatar 	jayco 	1.0
bingo 	fortune 	1.0
columbus 	ohio 	1.0
football 	tony tucker 	1.0
epson 	printers 	1.0
child support 	pa 	1.0
exile island 	survivor 	1.0
grannies 	hirsute 	1.0
lexmark 	printers 	1.0
cosenza 	devon 	1.0
palm beach county 	property appraiser 	1.0
discount 	tires 	1.0
discount 	shoes 	1.0
discount 	furniture 	1.0
janelle 	snow 	1.0
erotica 	mpegs 	1.0
johnstown 	pa 	1.0
johnstown 	obituaries 	1.0
johnstown 	tribune 	1.0
harley davidson 	motorcycles 	1.0
housekeeping 	worcester 	1.0
ace 	games.com 	1.0
jeep 	quadratrac 	1.0
jeep 	pyne 	1.0
albanian 	newspaper 	1.0
merced 	sun star 	1.0
airline 	reservations 	1.0
airline 	american 	1.0
airline 	frontier 	1.0
airline 	america west 	1.0
airline 	jet blue 	1.0
vaginal 	warts 	1.0
perky 	tits 	1.0
puppies 	teacup 	1.0
puppies 	yorkie 	1.0
amber 	dean 	1.0
amber 	easton 	1.0
truckee 	weather forecast 	1.0
potato 	soup 	1.0
miroku 	sango 	1.0
britney spears 	naked 	1.0
britney spears 	nude 	1.0
britney spears 	pregnant 	1.0
hair styles 	prom 	2.0
hair styles 	wedding 	1.0
aol keyword 	spyware defense 	1.0
aol keyword 	safety 	1.0
aol keyword 	rom 	1.0
abacos 	bahamas 	1.0
maddox jolie 	pitt 	1.0
cingular 	ringtones 	2.0
naturalizer 	shoes 	1.0
pen pals 	prison 	1.0
credit union 	vantage 	1.0
credit union 	family 	1.0
credit union 	edwards 	1.0
credit union 	suffolk 	1.0
credit union 	langley 	1.0
credit union 	general electric 	1.0
credit union 	erie 	1.0
credit union 	dover 	1.0
bankruptcy 	personal loans 	1.0
sexy women 	swimwear 	1.0
mississippi 	tunica 	1.0
fabric 	timeless 	1.0
arcade 	flash 	1.0
new jersey 	plastic surgery 	1.0
new jersey 	wildwood 	1.0
museum 	natural history 	1.0
tama 	teine 	1.0
hertz 	rental car 	1.0
cats 	ragdoll 	1.0
message board 	yahoo 	1.0
nextdoor 	nikki 	1.0
gin 	jungle 	1.0
mohair 	yarn 	1.0
bubble 	butts 	1.0
cindy margolis 	nude 	1.0
atlantis 	bahamas 	1.0
atlantis 	vaults 	1.0
screen name 	switch 	1.0
bus 	grayhound 	1.0
cabinet 	hardware 	1.0
over the knee 	spanking 	1.0
diaper 	plastic 	1.0
familia 	polanco 	1.0
granny 	sex 	1.0
russian 	teen sex 	1.0
spades 	yahoo 	1.0
carmen electra 	nude 	1.0
games.com 	pogo 	1.0
games.com 	yahoo 	1.0
charmed 	spoilers 	1.0
genealogy 	shelby county 	1.0
genealogy 	texas 	1.0
genealogy 	message boards 	1.0
chat rooms 	gay 	1.0
angels 	cherub 	1.0
angels 	anime 	1.0
college girls 	drunk 	1.0
apache junction 	arizona 	1.0
arrecifes 	coral 	1.0
driver ed 	games.com 	1.0
jumbo 	pens 	1.0
fantasy baseball 	yahoo 	1.0
chapels 	sinai 	1.0
cover letters 	sample 	1.0
duro 	sexo 	1.0
400s 	suzuki 	1.0
kid rock 	sex tape 	1.0
nudity 	russian 	1.0
domino 	pizza 	1.0
circus 	universal soul 	1.0
family guy 	porn 	1.0
chat 	jamaica 	1.0
chat 	emily strange 	1.0
chat 	family 	1.0
chat 	german 	1.0
chat 	sex 	1.0
chat 	kerala 	1.0
chat 	harley 	1.0
ask com 	www 	1.0
erie 	general electric 	1.0
big booty 	latina 	1.0
daily times 	noblesville 	1.0
arrowhead 	credit union 	1.0
aubrey 	taylor 	1.0
craiglist 	new york 	1.0
department 	disney world 	1.0
department 	ohio 	2.0
department 	taxation 	1.0
department 	jerry patterson 	1.0
department 	family 	1.0
san antonio 	texas 	1.0
coupons 	las vegas 	1.0
coupons 	target 	1.0
paris hilton 	sex video 	1.0
phoenix 	tattoos 	1.0
phoenix 	tattoo 	1.0
marlboro 	mass 	1.0
kansas 	wichita 	4.0
sleazy 	xxx 	1.0
diet 	low cholesterol 	1.0
trailers 	utility 	1.0
medications 	pet 	1.0
midget 	porn 	1.0
nissan 	pavillion 	1.0
bank robbers 	black 	1.0
toasts 	wedding 	1.0
ann arbor news 	college football 	1.0
jewelry 	wholesale 	1.0
jones 	zeta 	1.0
fighter 	squadrons 	1.0
fighter 	us air force 	1.0
chords 	guitar 	1.0
baker 	furniture 	1.0
aetna 	navigator 	1.0
mass 	state lottery 	1.0
box elder 	bugs 	1.0
banners 	myspace 	2.0
blow jobs 	granny 	1.0
dallas cowboys 	texas 	1.0
