0	-
0	www.google.com
0	http
0	weather
0	www.myspace.com
0	msn
0	adserver.ign.com
0	dictionary
0	mycl.cravelyrics.com
0	.com
0	maps
0	www.google
0	www.ebay.com
0	m
0	lyrics
0	qvc
0	games
0	irs
0	com
0	my
0	recent
0	profileedit.myspace.com
0	g
0	www.mapquest.com
0	jobs
0	www.myspace
0	ask
0	espn
0	nascar
0	driving directions
0	ww.myspace.com
0	mys
0	people search
0	y
0	ups
0	usps
0	www.bankofamerica.com
0	cnn
0	evo.qksrv.net
0	wwe
0	directions
0	freeones
0	jokes
0	a
0	map
0	irs.gov
0	www.irs.gov
0	recipes
0	thehun
0	.comhttp
0	e
0	www.disney channel.com
0	song lyrics
0	airlines
0	http;
0	89.com
0	ampland
0	videos
0	cars
0	wellsfargo.com
0	hsn
0	movies
0	southwest
0	music
0	www.ask.com
0	ads.admonitor.net
0	flowers
0	hotels.com
0	h
0	wwe.com
0	www.capitalone.com
0	b.bluetime.com
0	w
0	webmaste.drunkenmature.net
0	c
0	www.mysapce.com
0	xnxx
0	poems
0	hotels
0	dogs
0	ttp
0	wwww.myspace.com
0	ask jeeves.com
0	ads.t-kom.com
0	s
0	www.my space.com
0	www.yahoo
0	www.nick.com
0	msnbc
0	mhttp
0	hgtv
0	lost
0	www.wellsfargo.com
0	www.mapquest
0	b
0	askjeeves.com
0	www.walmart.com
0	hsn.com
0	aol
0	wamu.com
0	www.nylottery.org
0	go
0	www.ebay
0	comhttp
0	p
0	names
0	travel
0	www.my
0	wwww.google.com
0	sprint.com
0	aaa
0	www.cartoonnetwork.com
0	unclaimed.org
0	.
0	dmv
0	love poems
0	nba
0	nick
0	www.askjeeves.com
0	free slots.com
0	singlesnet.com
0	nfl
0	preferences
0	nbc
0	calendar
0	t-mobile
0	www.disney.com
0	ups.com
0	babiesrus
0	webunlock
0	omhttp
0	girls
0	toysrus
0	bank of america.com
0	silverdaddies
0	n
0	aarp
0	aim
0	www.fafsa.gov
0	www.wachovia.com
0	ancestry.com
0	f
0	www.target.com
0	www.weather.com
0	ww
0	userscounter.com
0	at
0	q
0	barbie.com
0	d
0	www.blackplanet.com
0	www.cingular.com
0	wal-mart
0	mlb
0	people
0	www.craigslist.com
0	www.thebestse.com
0	googel
0	r
0	sbc
0	lyrics.com
0	e.com
0	www.chase.com
0	craig's list
0	noaa
0	ww.ebay.com
0	www.myspace.cm
0	bmw
0	www.bankofamerica
0	www.bet.com
0	www.google.co
0	guns
0	love
0	mtv
0	cruises
0	www.letstalkhonestly.com
0	www.myspace com
0	dictionary.com
0	nextel.com
0	slots
0	www.madthumbs.com
0	t
0	ups tracking
0	mbna
0	sp.trafficmarketplace.com
0	history
0	wal mart
0	porn.com
0	www.amazon.com
0	www.goggle.com
0	vzwpix.com
0	adult
0	web.easysoft.local
0	l
0	www.google.cm
0	thumbzilla
0	ncaa
0	www.macy's.com
0	watchersweb
0	jigzone
0	sports
0	ya
0	k
0	abc
0	googl.com
0	homes for sale
0	www.aol.com
0	http.
0	www.googl.com
0	sconex
0	news
0	continental
0	www.disneychannel
0	www.fafsa.ed.gov
0	sconex.com
0	www.wwe.com
0	ads.specificpop.com
0	uproar.com
0	aol.careerbuilder.comhttp
0	books
0	www.foodnetwork.com
0	homedepotopinion.com
0	boats
0	apartments
0	www.myspace.co
0	www.yahoomail.com
0	cingularwireless.com
0	encyclopedia
0	redirect.virtumundo.com
0	www.monster.com
0	vh1
0	www.friendspaydy.com
0	e-cards
0	www.ask jeeves.com
0	cbs
0	pictures
0	www.google com
0	mta
0	www.match.com
0	ufc
0	j
0	nfl draft
0	anywho
0	schwab
0	trust4free.ws
0	youravon.com
0	sp12.smartpages.com
0	loveiscolorblind
0	funny pictures
0	www.m
0	images
0	loans
0	borders
0	tools
0	dresses
0	www.nbc
0	adserver.gorillanation.com
0	party supplies
0	www.goo
0	www.trust4free.ws
0	reconnect
0	worldsex.com
0	www.arbonne.com
0	free slots
0	roses
0	www.flalottery.com
0	webmd.com
0	udate.com
0	al4a
0	www.youravon.com
0	nwa
0	nickjr.com
0	tiava
0	www.qvc.com
0	www.mys
0	girlsgonewild
0	hot girls
0	www.at
0	o
0	map quest.com
0	freegames
0	wallmart.com
0	discovercard.com
0	resumes
0	pinkworld
0	www.limewire.com
0	www.expedia.com
0	invitations
0	quotes
0	lil kim
0	coach
0	e cards
0	tv
0	bbc
0	ohiolottery.com
0	singlesnet
0	free downloads
0	www.googlecom
0	www.wamu.com
0	escorts
0	bear411
0	hot
0	i
0	birds
0	www.barbie.com
0	www.tracfone.com
0	checks
0	www.dell.com
0	foodtv.com
0	southwest airlines.com
0	www.netflix.com
0	www.autotrader.com
0	www.nascar.com
0	cnbc
0	browser settings
0	hsbc
0	89
0	sopranos
0	match
0	sexy
0	www.myspacecom
0	stickyhole
0	www.ticketmaster.com
0	donbest
0	24
0	blackpeoplemeet
0	www.realtor.com
0	music lyrics
0	www.verizon.com
0	aa
0	dragons
0	jcpennys.com
0	love quotes
0	eb
0	cheatplanet.com
0	www.verizonwireless.com
0	wwwebay.com
0	wwwyahoo.com
0	www.yahoo com
0	movie times
0	yahoomusic.com
0	cards
0	pichunter.com
0	gnc
0	simslots
0	kostya.reviewcar.org
0	pussy.com
0	find people
0	nick jr
0	flights
0	www.espn.com
0	www.y
0	us air
0	food
0	hbo
0	yahoo.co
0	localhookupz
0	jennifre894
0	madthumbs.com
0	'http
0	carmax.com
0	literotica.com
0	free
0	www.bedbath
0	search
0	yellow pages.com
0	riteaid.com
0	www.g
0	www.neopets.com
0	bellsouth.com
0	www.orbitz.com
0	www.musicsonglyrics.com
0	addictinggames.com
0	radio
0	remax.com
0	pbs
0	org.co-motion.com
0	www.circutcity.com
0	www.wallmart.com
0	aaa.com
0	v
0	im settings
0	www.maxwellhouse.com
0	at&t
0	online dictionary
0	www.palottery.com
0	ymca
0	www.travelocity.com
0	usairways.com
0	cmt
0	dreams
0	myso
0	mls
0	familywatchdog.us
0	keen
0	milf.com
0	u
0	mate1.com
0	www.aa.com
0	nickjr
0	what's hot
0	hotel.com
0	israel
0	coins
0	classmates
0	buddylist
0	diy
0	www.medicare.gov
0	wwwbankofamerica.com
0	restaurants
0	uscis
0	usajobs.com
0	www..com
0	www.facebook.com
0	adultfan.nexcess.net
0	www.annualcreditreport.com
0	voyeurweb.com
0	medical dictionary
0	www.cheatplanet.com
0	wwwhotmail.com
0	time
0	www.adultfanfiction.net
0	backgrounds
0	boat trader
0	www.comcast.net
0	www.lowes.com
0	chatroomlistings
0	www.yahoo.co
0	boxerjam
0	www.millsberry.com
0	www.gamesonlyexchange.com
0	res
0	desibaba
0	files
0	funnyjunk.com
0	netzero.com
0	bbb
0	minirecent
0	blackpeoplemeet.com
0	mature
0	cupid.com
0	www.bigboobsalert.com
0	turbotax.com
0	face
0	edmunds
0	www.cartoonetwork.com
0	www.americanidol.com
0	www.adultfriendfinder.com
0	newspapers
0	usaa.com
0	www.a
0	profile
0	domai
0	www.delta.com
0	rims
0	irs.com
0	swinglifestyle
0	www.yahoo.cm
0	cartoons
0	bmg
0	gf.fpcgalleries.com
0	car
0	shopnbc.com
0	aolmail.com
0	animals
0	toyota.com
0	music codes
0	t-mobile.com
0	s.com
0	providian.com
0	bb&t
0	www.craigslist.org
0	www.playboy.com
0	people.com
0	www.zillow.com
0	chadwicks
0	upgrade
0	x
0	www.bank of america.com
0	www.fcatparentnetwork.com
0	www.cute-page.com
0	united
0	xpeeps
0	ampland.com
0	www.barnes
0	hotmatchup.com
0	bet
0	aolmail
0	www.bedbathbeyond.com
0	www.miniclip.com
0	true.com
0	the n.com
0	equibase
0	www.citicards.com
0	ads.netdok.net
0	www.porn.com
0	downloads
0	myflorida.com
0	bbandt
0	babiesrus.com
0	slingo.com
0	pbs.org
0	famous quotes
0	mate1
0	www.findaceleb.com
0	lirr
0	www.myscene.com
0	help
0	www.immigration.gov
0	jobs.com
0	medical
0	homes
0	www.b
0	work at home
0	bb
0	southwestairlines.com
0	models
0	suntrust.com
0	azlyrics
0	ameritrade.com
0	cheap hotels
0	freeslots.com
0	my'
0	d.attune.com
0	www.tagged.com
0	dir.porthalcyon.com
0	posters
0	www.costco.com
0	www.fasfa.ed.gov
0	pitbulls
0	yahoo.comhttp
0	http www.my space.com
0	www.whitepages.com
0	plants
0	gm
0	ne-yo
0	thehun.net
0	girlsgonewild.com
0	tdameritrade.com
0	toysrus.com
0	www.nick
0	staples.com
0	nhra
0	break.com
0	http www.disney channel.com
0	www.nextel.com
0	candylist
0	sbc.com
0	dsl
0	www.funnyjunk.com
0	www.yahoocom
0	trucks
0	1972 suburban
0	funnyjunk
0	www.bestbuy.com
0	mv..music.yahoo.com
0	trees
0	www.providian.com
0	www.american idol.com
0	translate
0	www.aim.com
0	bbandt.com
0	freeslots
0	employment
0	weatherchannel.com
0	wifelovers
0	local weather
0	ps3
0	curves
0	commerceonline.com
0	www.webmd.com
0	dianapost
0	funny
0	9.0le
0	www.mtv.com
0	art
0	honda.com
0	bestcounter.biz
0	commerceonline
0	www.bellsouth.com
0	toys
0	singlenet.com
0	www.go
0	www.fidelity.com
0	fucking
0	abc distributing
0	computercheckup
0	peoplepc.com
0	t.i.
0	webcamnow
0	quizzes
0	www.google.comhttp
0	marthastewart.com
0	www.nickjr.com
0	nasa
0	xnxx.com
0	nhl
0	imgbbs
0	pogogames.com
0	dfloyd
0	www.lightnfit.com
0	ins
0	jdsbanners.com
0	undeground-love.com
0	haircuts
0	onlinenow.myspace.com
0	pets
0	freeweblayouts.net
0	switchboard.com
0	eros.com
0	drf.com
0	www.cartoon network.com
0	mother's day
0	ign
0	tp
0	www.t-mobile.com
0	ms
0	192.168.1.1
0	www.pepsifreeride.com
0	swappernet
0	www.fafsa.edu
0	411
0	www.cheaptickets.com
0	we
0	nick jr.com
0	pga
0	www.dogpile.com
0	rewards
0	science projects
0	thehun.com
0	gmac
0	dating
0	nbc.comdond
0	dressup
0	www.bedbathandbeyond.com
0	wwwgoogle.com
0	www.disney
0	www.yellowpages.com
0	al4a.com
0	www.cartoonnetwork
0	rotten
0	www.netspend.com
0	www.tmobile.com
0	leeclerk.org
0	aol weather
0	tjmaxx.com
0	bb68827
0	discover
0	tickets
0	freeones.com
0	wwwmyspace.com
0	www.americanexpress.com
0	123greetings
0	www.yahoo .com
0	used boats
0	servedby.valuead.com
0	aol calendar
0	free cards
0	assparade
0	job search
0	ebaymotors.com
0	videosearch.launch.start
0	citicards.com
0	mail
0	whateverlife.com
0	kristen archives
0	www.craiglist.org
0	teensex
0	b5
0	cfnm
0	ufo
0	web
0	www.e
0	www.ask
0	www.aimexpress.com
0	free pics
0	animalsex
0	www.eppicard.com
0	www.twcnyc.com
0	kasamba
0	zillo.com
0	hcso
0	alltel.com
0	uscis.gov
0	mature post
0	www.eharmony.com
0	nudeafrica
0	masslottery
0	video
0	www.ins.usdoj.gov
0	singles
0	marriott.com
0	sexocean
0	www.bratz.com
0	www.yahoo.om
0	countrywide
0	banks
0	www.goog
0	nfcu
0	away messages
0	my spaces .com
0	bangedup.com
0	www.load2load.net
0	msn.espn.go.com
0	fa
0	www.walmartbenefits.com
0	freetranslations.com
0	home depot.com
0	www.myspace.com'
0	craigs
0	puzzles
0	cloland
0	good
0	www.freeporn.com
0	www.ioffer.com
0	freepics
0	www.vanguard.com
0	www.map quest.com
0	po
0	dr phil
0	www.kbb.com
0	computers
0	david's bridal
0	www.thehun.com
0	www.cnn.com
0	y.com
0	careerbuilders.com
0	www.myspace .com
0	slingoexpress
0	rci.com
0	download music
0	amc.com
0	www.nwa.com
0	www.nfl.com
0	www.circuitcity.com
0	www.aolmail.com
0	fucktheall.com
0	cruise
0	www.airtran.com
0	my profile
0	gigagalleries
0	www.53.com
0	etrade.com
0	pinoy.com
0	ww.mapquest.com
0	googles.com
0	es
0	www.google.com'
0	wal-mart.com
0	remote invocationtype pcsearch.top
0	onlinebootycall.com
0	yahoofinance
0	beads
0	www.nba.com
0	www.continental.com
0	aimexpress.com
0	maps.com
0	usair.com
0	blinkyou.com
0	coacht
0	gps
0	www.youtube.com
0	noggin.com
0	www.freeslots.com
0	crafts
0	songs
0	super pages
0	myp
0	www.irs.com
0	cbssportsline.com
0	teen models
0	kkk
0	upskirt.com
0	auto
0	wheels
0	stock quotes
0	copart
0	tnlottery
0	www.galleries.lotzadollars.com
0	private pics
0	www.babiesrus.com
0	www.lyrics.com
0	www.myspace.c
0	as
0	career builders
0	lpga
0	www.wheeloffortune.com
0	vehix.com
0	'
0	vrbo
0	mature women
0	elephantlist
0	nada.com
0	www.yahooligans.com
0	www.tsp.gov
0	www.ebay com
0	grants
0	yahoogames.com
0	cowlist
0	www.google.
0	dsw.com
0	.http
0	www.bankone.com
0	traderonline
0	free movie downloads
0	www.bb
0	www.cheatcodes.com
0	sexsearch.com
0	bmg music
0	akc
0	yaoo.com
0	chicos
0	nationalcity.com
0	domestications
0	www.toyrus.com
0	landsend
0	www.mysp
0	schwab.com
0	concert tickets
0	searscard.com
0	www.games.com
0	health
0	www.myspace.
0	nudegirls
0	pbskids.com
0	mamma
0	www.goggle
0	www.orchardbank.com
0	swa
0	screename
0	urnotalone
0	www.aaa.com
0	tm.fpcgalleries.com
0	home
0	w.myspace.com
0	flags
0	myfreepaysite
0	localhookupz.com
0	ratingcounter.com
0	northwest
0	tlc
0	www.bebo.com
0	www.then.com
0	security
0	www.dictionary.com
0	www.worldsex.com
0	www.askjeeves
0	pepsifreeride.com
0	directtv.com
0	money
0	...oko.org.uk
0	big women
0	fighton
0	rivals.com
0	csi
0	www.ohiolottery.com
0	budget
0	o.com
0	plus size dresses
0	x-men
0	m4m4sex
0	www.tnlottery.com
0	map it
0	madthumbs
0	ftd
0	std
0	n.com
0	westernnewyork
0	jegs
0	ual crew
0	gift baskets
0	imatchup.com
0	sluts
0	192.168.0.1
0	sat
0	3dicon
0	www.myspae.com
0	homegoods.com
0	wb
0	www.dmv.gov
0	cheetos.com
0	fsbo
0	www.earthlink.net
0	www.becomeelpresidente.com
0	youbet.com
0	download
0	music.com
0	www.abc.com
0	www.yaoo.com
0	iframetraff.biz
0	0
0	galleries.tiffanyparis.com
0	www.airtrans.com
0	scottrade.com
0	the
0	regions
0	twistys
0	costumes
0	fhg.teenmegaworld.com
0	preferencia de idioma
0	al-4a
0	www.chase
0	go to http
0	xpeeps.com
0	rci
0	updos
0	dillards.com
0	..
0	www.kohl's.com
0	kids
0	women
0	love aol
0	www.ebaycom
0	houses
0	blair.com
0	inspirational quotes
0	www.mlol.ml.com
0	x-men 3
0	411.com
0	big naturals
0	relationship jokes
0	laxpower
0	yahoosports
0	2006 mock nfl draft
0	www.the n.com
0	aol security
0	www.pussy.com
0	sunsentinel
0	welcome
0	azlyrics.com
0	dr. phil
0	www.voyeurweb.com
0	www.overgrow.com
0	pnc
0	www.girlsgonewild.com
0	true
0	wild party girls
0	tommysbookmarks
0	www.cheetos.com
0	my pay
0	us casualties
0	casinos
0	freeonlinegames
0	rebel-v8.co.uk
0	handjobs
0	tmobil.com
0	contact aol
0	cum in my face
0	aafes
0	fhm
0	columbiahouse.com
0	household bank
0	sc
0	www.cars.com
0	www.vzwpix.com
0	international chats
0	www.toysrus.com
0	www.almessa
0	www.dmv.ca.gov
0	www.addictinggames.com
0	www.marthastewart.com
0	redclouds
0	bankof america.com
0	free game downloads
0	53.com
0	xmatch.com
0	1
0	steve
0	legs
0	yahoopersonals.com
0	stars
0	frogsex
0	www.fasfa.gov
0	www.medco.com
0	land for sale
0	babies
0	slipcovers
0	aff
0	rv
0	atv
0	ma
0	directmerchantsbank.com
0	plane tickets
0	abcdistributing
0	nypd
0	www.paypal.com
0	space
0	craigs list.com
0	comics
0	cycle trader
0	bn
0	cbssportsline
0	boats for sale
0	www.priceline.com
0	tslist
0	www.myspace..com
0	www.mytmobile.com
0	aids
0	hertz.com
0	e.comhttp
0	3
0	teens for cash
0	www.fedex.com
0	lil beginnings.com
0	optonline
0	dick
0	ho
0	ata
0	movie reviews
0	express
0	www.freecreditreport.com
0	t.com
0	usa jobs
0	www.401k.com
0	www.ya
0	tna
0	mother's day poems
0	aol help
0	memberrewards
0	http ask jeeves.com
0	freeporn.com
0	house
0	ajc.com
0	ww.pogo.com
0	el-ladies
0	backofthenet
0	vacations
0	ford.com
0	www.excite.com
0	optonline.net
0	nothing
0	alt.com
0	www.bbandt.com
0	settings
0	mci
0	www.abcdistributing.com
0	the hun.com
0	amsouth.com
0	orchardbank.com
0	calendars
0	www.oprah.com
0	yahoo360
0	www.yahoo.comhttp
0	yankees.com
0	wetcircle.com
0	www.medqic.org
0	www.familywatchdog.us
0	www.careerbuilder.com
0	male models
0	verison.com
0	campers
0	autos
0	www.walmart
0	www.adultfriendfinder
0	www.bank of america
0	government grants
0	rv rentals
0	masslottery.com
0	space.com
0	act
0	dvd
0	graduation invitations
0	www.my scene.com
0	wev
0	postopia.com
0	easygals
0	gorx
0	silverdaddies.com
0	www.vh1.com
0	milfhunter
0	translations
0	bj's
0	pen.k12.va.us
0	www.msn
0	googleearth.com
0	peoplesearch
0	www.f
0	nyse eslr
0	www.music.com
0	www.rotton.com
0	funny pics
0	www.bankof america.com
0	wwww
0	mlsli
0	www.turbotax.com
0	theater sluts
0	hiv
0	bank
0	www.aetna.com
0	www.comcast.com
0	www.lowe's.com
0	gool
0	ewtn
0	pdr
0	babynames
0	fafsa.ed.gov
0	cd rates
0	nordstrom.com
0	www.oldnavy.com
0	mmm100
0	traffweb.biz
0	www.tatiwbth12345biz
0	nsdm
0	aolgames
0	www.pbskids.com
0	browsersettings
0	old sluts
0	steakandcheese
0	pics
0	turbo21
0	phatazz.com
0	www.nationalcity.com
0	copd
0	u-haul
0	www.cingular
0	www.netflix..com
0	hi
0	photos
0	ww.yahoo.com
0	free movies
0	usa 3000
0	www.craigslist
0	netflex
0	spiderman3
0	ym
0	www.milf.com
0	americawest.com
0	mandtbank
0	www.deepthroat.com
0	ifashionmall
0	walmartbenefits.com
0	www.travelocity
0	www2.worldbook.com
0	crownline 192
0	lds.org
0	horoscopo
0	swapfinder.com
0	ww.msn.com
0	idol.com
0	used books
0	vigina
0	passion.com
0	united airlines.com
0	ge
0	.org
0	toyrus.com
0	www.c
0	www.regions.com
0	plenty
0	www.mbnanetaccess.com
0	chat.youngatheart.com
0	ass.com
0	lasvegasescorts
0	www.chubbygurls.com
0	music now
0	ww.my
0	www.aol
0	www.commerceonline.com
0	www.link to nocookie.com
0	medco.com
0	jokes.com
0	www.disney chanel.com
0	www.cbs.com
0	www.overstock.com
0	citimortgage.com
0	continental airlines.com
0	adult friend finders
0	dexonline
0	pods
0	boys
0	statefarm.com
0	bangbus.com
0	www.gog
0	him
0	aol travel
0	www.gay.com
0	aol high speed
0	ad.ad-flow.com
0	gamewinners.com
0	job
0	greyhound.com
0	top kds bbs
0	www.myflorida.com
0	quest
0	cdc
0	lamps
0	coach.com
0	documents
0	cruise lines
0	www.wellfargo.com
0	a.com
0	www.boostmobile.com
0	apa
0	www.mycapitalonecard.com
0	landsend.com
0	cum
0	ww.bankofamerica.com
0	decks
0	death
0	hats
0	myuhc.com
0	abcdistributing.com
0	apartments.com
0	beach
0	free catalogs
0	regions.com
0	taxact.com
0	teen
0	miniclips.com
0	datingbanner.com
0	princess
0	wwww.ebay.com
0	blackmeat
0	last minute travel
0	century21.com
0	aolpogo
0	www.citibank.com
0	gmcard
0	fbi
0	best buys
0	air fares
0	www.google .com
0	key.com
0	www.macys.com
0	pool
0	www.music.aol.com
0	bft.fpcgalleries.com
0	plus size clothes
0	www.yah
0	free ones
0	coffeebreakarcade
0	mdoc
0	trains
0	netspend.com
0	dsw
0	favorites
0	resignation letters
0	colleges
0	airtrans.com
0	gamewinners
0	profile.swapfinder.com
0	ancestry
0	www.myspa
0	cpcc
0	gamesloth
0	www.good
0	trollz.com
0	mbna.com
0	atkingdom
0	schools
0	playhousedisney.com
0	llbean.com
0	cpol
0	www.ebaumsworld.com
0	hairy
0	hibernia.com
0	www.foodtv.com
0	www.blackbarbara.com
0	wwwgoogle
0	z
0	va
0	mynextel.com
0	www.d
0	amc
0	compassbank.com
0	national weather
0	www.dishnetwork.com
0	accountcentralonline.com
0	zonesprouse.net
0	positions
0	ncsecu.org
0	kolisrael
0	bingo.com
0	www.my space
0	fire
0	www.cheat planet.com
0	barbara
0	kingdomhearts2
0	formal dresses
0	mysoace.com
0	msnhotmail.com
0	www.dell
0	rawfoodtalk
0	nyse
0	bored.com
0	sexy models
0	friends
0	collapse
0	bears
0	www.google..com
0	napster.com
0	tcm
0	bikes
0	dooney
0	www.disney channel
0	bay
0	www.literotica.com
0	www.ninewest.com
0	www.plentyoffish.com
0	military
0	www.pussy.org
0	bcbg
0	hotmatch.com
0	yhttp
0	freeweblayouts
0	bats
0	az lyrics
0	teen girls
0	beaches
0	www.galottery.com
0	stories
0	bmgmusic.com
0	graduation announcements
0	free printable cards
0	www.blockbuster.com
0	b.azjmp.com
0	avon.com
0	smc
0	people finders
0	www.wellsfargo
0	uproar
0	www.bedbathandbeyond
0	ohiolottery
0	pioneer
0	www.pbskids.org
0	addresses
0	cars for sale
0	dianne
0	sheds
0	direction
0	mytmobile.com
0	http www.google.com
0	www.cheat codes.com
0	www.netzero.com
0	watches
0	eteamz
0	screensavers.com
0	funny quotes
0	elephantlist.com
0	adultfriendfinders
0	diy.com
0	www.webmd
0	blockedreferrer
0	www.njlottery.net
0	the-n.com
0	nws
0	craig's list.com
0	www.crate
0	jcp.com
0	a-z lyrics
0	adhd
0	www.candystand.com
0	opinion place
0	www.geonlineservice.com
0	bruce bauman
0	spermshack
0	buddyview
0	ezcardinfo.com
0	har.com
0	aetna.com
0	indiasex.com
0	gmcard.com
0	diynetwork.com
0	aol history
0	fingerhut.com
0	cuny
0	memberexclusives
0	www.toyota.com
0	www.bellsouth.net
0	samgoody.com
0	t-mobil.com
0	xmods
0	newyorklottery
0	lo
0	ampland movies
0	address search
0	entertainment centers
0	www.discovercard.com
0	aolecards
0	www.myso
0	layouts
0	www.89.com
0	doors
0	t.i
0	collegeboard.com
0	ucla
0	org
0	ncl
0	npr
0	vw
0	l.com
0	college
0	www.myspace.comhttp
0	www.loadcash.biz
0	address labels
0	coldwatercreek.com
0	war
0	tmj
0	hhttp
0	wellfargo.com
0	boyfun
0	net
0	www.pcrichards.com
0	art.com
0	horchow
0	rotton.com
0	star
0	hoyatalk
0	clicks3.traffictrader.net
0	kfc
0	www.itunes.com
0	re
0	lds
0	nfl rumors
0	www.paylessshoes.com
0	travelzoo.com
0	www.photobucket.com
0	magazines
0	ltdcommodities
0	ghttp
0	neteller.com
0	aol downloads
0	websudoku
0	wral
0	www.remax.com
0	www.pogo com
0	ad
0	alltell.com
0	www.kellybluebook.com
0	www.porn
0	www.verizon
0	yu-gi-oh.com
0	home plans
0	fema.gov
0	www.fingerhut.com
0	brisnet
0	powerball.com
0	www.nickelodeon.com
0	game
0	www.nick jr.com
0	intellicast
0	add
0	sound
0	laworks.net
0	www.classmates.com
0	workintexas
0	teens
0	tiava.com
0	www.myflorida.com accessflorida
0	uboc.com
0	baycouples
0	rate my
0	men
0	aol dictionary
0	-- http
0	ibs
0	dogs for sale
0	x men 3
0	www.pncbank.com
0	www.weatherchannel.com
0	louisvillemojo
0	careerbuilders
0	choosemyrewards.com
0	viewsfromthetop
0	yu-gi-oh
0	bbt.com
0	galleries.elite-sex-sites.com
0	chadwicks.com
0	autoparts
0	www.myuhc.com
0	wwwmsn.com
0	gfrancis
0	weather channel.com
0	young girls
0	noaa.com
0	sexysandi64
0	index.html
0	dorki.ya-hoo.biz
0	eph200
0	travel directions
0	www.betterbusinessbureau.com
0	bedbathbeyond.com
0	people find
0	loudobbs.com
0	atk
0	gun
0	www.ebay.cm
0	littermaid
0	ww.disneychannel.com
0	www.bet
0	www.myp
0	nakedgirls
0	mercedesbenz.com
0	local news
0	www.ncesc.com
0	askjolene
0	www.verisonwireless.com
0	popit
0	disneyworld.com
0	phvrf.yahoo.com
0	nickelodeon.com
0	giving birth
0	snts
0	www.go-girls-go.com
0	feet
0	used trucks
0	screen
0	hppt
0	www.yahoo.
0	www.teenflicks.com
0	profiles
0	david kutrip
0	edithcobb
0	lanebryant.com
0	avenue
0	military.com
0	bank america
0	adult friend finder.com
0	new cars
0	www.ebay.co
0	img http
0	hornymatches.com
0	blondes
0	musicians friend
0	www.runescape
0	rifles
0	www.yu-gi-oh.com
0	im
0	dolls
0	www.volkswagon.com
0	shopping
0	address
0	tyrashow.com
0	www.walgreens.com
0	ajc
0	home goods
0	wfsxpress.com
0	relacore
0	www.princess.com
0	getoutofdebtplanner
0	wild girls
0	tagworld
0	girl
0	ww.aa.com
0	www.pichunter.com
0	downelink.com
0	blackamericaweb.com
0	url
0	ohttp
0	www.geico.com
0	quotations
0	citationmachine.net
0	www.pogo
0	www.toontown.com
0	spring
0	www.trollz.com
0	irl
0	h&m
0	flowgo
0	yahoo..com
0	carnival.com
0	www.kmart.com
0	bed in a bag
0	www.chris brown.com
0	www.wal-mart.com
0	sp
0	carfax.com
0	t-shirts
0	www.eb
0	www.knowx.com
0	directory
0	www.benefits.ml.com
0	porncity
0	ad.contentzone.com
0	search.swapfinder.com
0	easygals.com
0	velonews
0	torncity
0	www.anywho.com
0	craghislista
0	swinglifestyle.com
0	wwe rumors
0	orchardbank
0	eonline
0	theknot.com
0	barns
0	2
0	st
0	concerts
0	aol.comom
0	find a person
0	www.blackpeoplemeet.com
0	d4l
0	www.watchersweb.com
0	water
0	mys'
0	www.att.net
0	continental air
0	otcbb
0	friendsand
0	monsterjobs.com
0	provbank.com
0	aff.com
0	streamate
0	experian.com
0	tvvkay
0	quhnia
0	men4rentnow
0	kveg
0	bankofthewest
0	lia19
0	www.drf.com
0	teenporn
0	guns america
0	party invitations
0	www.freeones.com
0	insidewinston.com
0	ca
0	www.googles.com
0	he-man toys 1986
0	assparade.com
0	whttp
0	www.yahoo. com
0	klfy
0	www.ltdcommodities.com
0	http www.ask jeeves.com
0	theunorthodoxjew.blogspot.com
0	blackpussy.com
0	dna
0	tow411
0	vampbe.dreamhost.com
0	neopet.com
0	visit http
0	www.r
0	me
0	entertainment
0	killsometime.com
0	mapqest.com
0	pollypocket.com
0	jacquielawson.com
0	free essays
0	www.pbs.org
0	websters
0	www.zabasearch.com
0	direct merchants bank
0	exits.freepornpics.com
0	bbw.com
0	aol music.com
0	www.gap.com
0	www.n
0	new
0	jvc
0	aol updates
0	bbpeoplemeet.com
0	video codes
0	jimfeist
0	men4now
0	re max
0	x men
0	uniforms
0	regionsbank
0	toons
0	daniel.pipes.com
0	www.edline.net
0	victoriassecret.com
0	vacations to go
0	yahoojapan
0	recent searches
0	my favorites
0	penisbot
0	horscope
0	adult jokes
0	kristen
0	badjocks.com
0	match com
0	incesttaboo
0	univicion.com
0	www.marykayintouch.com
0	www.greendotonline.com
0	ehttp
0	wa
0	sexy feet
0	scoresandodds.com
0	princess.com
0	aol dsl
0	u2
0	www.compuserve.com
0	free credit report.com
0	www.disneychanel.com
0	birthday invitations
0	html
0	ssi
0	rv trader
0	sexmaxx
0	er
0	tipsurf.com
0	www.pogogames.com
0	humana.com
0	girls gone wild.com
0	www.yahoolagins.com
0	st pete times
0	nyt
0	lasvegas.com
0	oo
0	nudes.com
0	things remembered
0	gangs
0	mycheckfree
0	sceducationlottery
0	valottery
0	www.verizonwireless
0	homail.com
0	ga
0	www.el-ladies.com
0	finish line
0	www.disney channel .com
0	www.nysdmv.com
0	cashbreak.com
0	histclo.hispeed.com
0	m&tbank
0	men4sexnow
0	www.myspace.con
0	swappernet.com
0	mygen
0	lolitanu
0	platform beds
0	yahooligans.com
0	richardsrealm
0	nationalcity
0	thumbs
0	fightonstate
0	israel news
0	illinoislottery
0	oap.weather.com
0	www.myspcae.com
0	jmeeting
0	beds
0	laquinta.com
0	wimp.com
0	dumpafile
0	eyes
0	gamecheats
0	maxwellhouse.com
0	drphil.com
0	www.cmt.com
0	theaters
0	usgenweb
0	bofa.com
0	mail controls
0	ingdirect.com
0	www.wachovia
0	fuckiefuckie.com
0	www.reginnaworks4u.com
0	find someone
0	www.earning2day.com
0	delb.myspace.com
0	www.ikea.com
0	mandtbank.com
0	freegames.com
0	pool liners
0	nys dmv
0	spyzapper
0	nmcourts
0	911
0	www.proxyvote.com
0	www.romans.com
0	hornymatches
0	url http
0	kraftfoods.com
0	www.nike.com
0	realtors.com
0	projo.com
0	freesex
0	forever21
0	sexy teens
0	skateboards
0	kazaa.com
0	cincinnati.com
0	ww.facebook.com
0	graduation
0	www.newyorkyankees.com
0	jobs.careerbuilder.comhttp
0	www.citizensbank.com
0	nscorp.com
0	www.foxnews.com
0	upsers.com
0	web peludas
0	children
0	ualcrew
0	local
0	www.irs
0	officedepot.com
0	hospitals
0	ultimate fighting
0	vacation packages
0	www.fun brain.com
0	free porn.com
0	science
0	tdbanknorth
0	hot models
0	cross
0	et
0	craiglist.com
0	friendship poems
0	ac dc
0	howardstern.com
0	how to tie a tie
0	hiltonhonors.com
0	sexzool
0	teensforcash
0	home values
0	photbucket.com
0	iqvc
0	www.twistedlinks.net
0	gunsamerica
0	evening gowns
0	southeasttexas.com
0	www.irs.gov efile
0	cpixel.com
0	mel is cool
0	ww.irs.gov
0	www.my'
0	www.weather
0	flames
0	launch
0	asstr
0	expressions
0	www.netscape.com
0	puppyfind.com
0	xm
0	8thstreet
0	babyphat
0	paylessshoes.com
0	melloninvestor.com
0	hoes.com
0	hot teens
0	edd.ca.gov
0	sale.dulance.com
0	citibankonline.com
0	shaved
0	cheap cruises
0	chryslerfinancial.com
0	profile.seniorsizzle.com
0	www.online-sweepstakes.com
0	www.americanairline.com
0	www.applebottom.com
0	nba scores
0	prayers
0	rentals
0	storage sheds
0	wildnylons
0	www.cheatcc.com
0	yaho.com
0	www.directv.com
0	simslots.com
0	www.marriott.com
0	www.k
0	dashboardanywhere
0	hairy girls
0	modles
0	khols
0	s.comhttp
0	23isback.com
0	www.virtumundo.com
0	american.com
0	customers.countrywide.com
0	www.download.com
0	adult stories
0	u haul
0	tbn
0	how to
0	crosses
0	www.chrwtrucks.com
0	www.amsouth.com
0	naughty
0	book-mark.net
0	she's the man
0	www.aolmusic.com
0	www.americanexpress
0	aol cards
0	ccs
0	asspig
0	www.bearshare.com
0	lancasteronline
0	www.e.com
0	onionbooty
0	new grounds
0	milfhunter.com
0	www.gooo
0	party girls
0	www.crazymonkey.com
0	round and brown
0	disneychanel.com
0	train
0	bu
0	navyfcu.org
0	www.caremark.com
0	world maps
0	teagames
0	www.t
0	comforters
0	hotties
0	career builder.com
0	get directions
0	www.thegap.com
0	www.adam4adam.com
0	browser
0	girls kissing
0	grab.com
0	space.comhttp
0	fascials
0	cheap ticket
0	horoscopos
0	myhomedepotaccount.com
0	celebritymoviearchive
0	love spells
0	www.ishop-deals.com
0	www.century21.com
0	incestart
0	party poker.com
0	jigzone.com
0	background
0	custom wheels
0	myredbook
0	you
0	surveys
0	mi
0	www.yellow pages.com
0	www.dellfinancialservices.com
0	childrens place
0	www.pin.ed.gov
0	www.gov
0	www.p
0	www.googl
0	flowers.com
0	wpgdvd.com
0	www.postopia.com
0	ba
0	copart.com
0	yu-gi-oh gx
0	cheapticket.com
0	www.newgrounds.com
0	www.nyc.gov
0	thehun com
0	marykayintouch
0	banknorth
0	www.ru-america.org
0	www.carmax.com
0	mbnanetaccess.com
0	www.needforfun.com
0	map directions
0	bounceeverywhere.com
0	teacher appreciation
0	www.american express.com
0	the kristen archives
0	hot guys
0	stationary
0	upn
0	ufc.com
0	vegas
0	primerica.com
0	verisonwireless.com
0	graphics
0	recycler.com
0	www.myebay.com
0	megan's law
0	familysearch.com
0	le
0	.net
0	vin
0	wwwdisney.com
0	z100
0	blacksinglesconnection
0	www.affiliatetarget.com
0	www.disney channle.com
0	www.growingfamily.com
0	www.google.con
0	victoriasecret.com
0	colors
0	www.target
0	www.romp.com
0	bls.gov
0	toypeddler
0	afi
0	recipes.com
0	lg
0	myusenet
0	robbyne kaamil
0	rachel.campag.us
0	lord
0	worksource
0	pcrichards.com
0	contacts
0	upgrade shop
0	householdbank.com
0	6http
0	www.grinholl.com
0	www.google.c
0	www.adeptisoft.com
0	city guide
0	avis.com
0	pbs.com
0	yo
0	9 11
0	www.mysa
0	www.gamefaqs.com
0	no
0	www.peoplepc.com
0	appliances
0	xxx.com
0	free readings
0	www.royalcaribbean.com
0	mdallison.greenzap.com
0	www.cabelas.com
0	www.nastyskanks.com
0	myspcae.com
0	www.alltel.com
0	myhttp
0	www.ebaymotors.com
0	cabelas.com
0	nascar com
0	www.wwe
0	cheap fares
0	medical supplies
0	www.gool
0	graduation gifts
0	ncesc
0	death records
0	b2k
0	clubpogo.com
0	69
0	wwwcapitalone.com
0	householdbank
0	dmv.com
0	www.audradella.com
0	seniorsizzle.com
0	domelights
0	www.americansingles.com
0	www.rebeccahilton.com
0	www.optonline.net
0	www.aspirecard.com
0	mmm 100
0	cancel aol
0	www.azlyrics.com
0	finishline.com
0	jfk
0	usf
0	yahoo.games
0	iz.fpcgalleries.com
0	192.168.100.1
0	watchersweb.com
0	di
0	www..myspace.com
0	meoland
0	co
0	fatties.biz
0	downloadable games
0	www.dewfreeride.com
0	playhousedisney
0	search.seniorsizzle.com
0	bdsm
0	avant
0	fpl
0	hellokitty
0	clarionledger
0	yahoo.mail.com
0	jay z
0	www.myt-mobile.com
0	www.mysoace.com
0	hotlips
0	lotery
0	miltf
0	citibankonline
0	crushspot.com
0	rv brands
0	www.zappos.com
0	boattrader
0	americangirl.com
0	www.msnmessenger.com
0	www.everythinggirl.com
0	gaming search associates inc.
0	all inclusive vacations
0	t-pain
0	www.mail.google.com
0	ssdi
0	tents
0	dhea
0	4http
0	vrbo.com
0	uhaul.com
0	5cardslingo
0	.gov
0	link1
0	school
0	indeed.com
0	pg
0	www.ahtung.info
0	links.getyourclick.com
0	www.collegeboard.com
0	www.break.com
0	harleydavison
0	michworks.org
0	ifriends
0	phone
0	friendship quotes
0	kingdomhearts
0	www.disneyworld.com
0	seancody.com
0	zone.com
0	mlxchange.com
0	www.polkcountyiowa.gov
0	123greetings.com
0	www.www.xnxx.com
0	myaccount
0	wnba
0	www.blackpeoplemeet
0	victoriassecrect
0	cycletrader.com
0	sunherald.com
0	snakesworld
0	www.map quest
0	bored
0	allinternal
0	sexy pictures
0	hotmai.com
0	potterybarn.com
0	www.njmcdirect.com
0	lane bryant.com
0	budget.com
0	ldsmingle
0	bigchurch.com
0	cingularwireless
0	daddyhunt
0	chicos.com
0	mike18
0	www.catadjuster.org
0	thehuns
0	newyorkescorts
0	kissing
0	tdameritrade
0	bluemountain.com
0	paxed.com
0	time2watch
0	old coins
0	math.com
0	ttps
0	nudeafrica.com
0	ata.com
0	www.nbc.comdond
0	ahttp
0	lausd
0	eluxury
0	www.dillards.com
0	www.capitalone
0	amw.com
0	asian-ts
0	musicnow
0	bankatunited
0	inventions
0	freescreensavers
0	lavasoft.com
0	3http
0	www.tmoble.com
0	kirklands
0	ubs
0	ocean
0	none
0	www.link to exout.com
0	websrch2.versuslaw.com
0	bangedup
0	measurements
0	ww.chase.com
0	davidsbridal
0	pokemoncrater
0	www.copart.com
0	deltasong.com
0	the childrens place
0	cooks.com
0	ps2cheats
0	goodys.com
0	home.attbi.com
0	wifeysworld
0	weddingchannel.com
0	symptoms
0	bigmuscle.com
0	www.mapquest.co
0	roundandbrown
0	www.lord
0	gerd
0	ae.com
0	gtcc
0	www.w
0	www.t-mobilepictures.com
0	ads.gorillanation.com
0	www.free porn.com
0	www.ampland.com
0	usa
0	nscc
0	nyu
0	ch
0	book reviews
0	goatlist
0	bupers
0	ncsecu
0	www.adam
0	www.dooney
0	bb.fpcgalleries.com
0	gamerival
0	www.virginmobileusa.com
0	www.target.com survey
0	romans.com
0	gsmls
0	inmate search
0	www.noggin.com
0	www.nhra.com
0	nbc.com.dond
0	oo.comhttp
0	officemax.com
0	mls listings
0	youravon
0	ny
0	l word
0	shrm
0	dhl.com
0	ww.
0	whosonmypage.com
0	worldsex
0	catherines
0	aol e-cards
0	www.att.com
0	cheerjamz
0	www.tribuneindia.com
0	wwww.disneychannel.com
0	lib1.store.vip.sc5.yahoo.com
0	bargain.com
0	petfinders.com
0	traffic
0	se
0	traderonline.com
0	lips
0	waltm.net
0	tfcu
0	funjet
0	interview questions
0	www.pnwjeep.com
0	paetenians
0	guns for sale
0	bbcnews
0	clothes
0	www.goole.com
0	tamatown.com
0	frenchcum.com
0	snapfish.com
0	cycletrader
0	vacationstogo
0	e online
0	www.equifax.com
0	californialottery
0	racetime
0	girliezone.com
0	gov
0	www.the
0	cameras
0	tullahomasports
0	www.mail.yahoo.com
0	www.indeed.com
0	mma news
0	buyowner.com
0	www.lq.com
0	pgatour
0	ok
0	stock picks
0	realty
0	www.fema.gov
0	siebertnet
0	www.barebacksex.com
0	www.primenet.com
0	carlas choice
0	ncl.com
0	ads.uproar.com
0	fda
0	paperdollheaven
0	mycheckfree.com
0	www.chaparral-racing
0	www.blkgaychat.com
0	www.tamatown.com
0	lapd
0	mt
0	old cars
0	all games
0	2http
0	fafsa.com
0	www.blinkyou.com
0	tsa
0	chasebank
0	free legal forms
0	www.americredit.com
0	catholicmatch.com
0	girls kissing girls
0	www.cnn
0	shelties
0	wwe divas.com
0	contests
0	www.americanairlines.com
0	affiliate.twistedhumor.com
0	www.blingthumbs.com
0	disneyland.com
0	escort
0	fun
0	ivory-billed
0	privatexxx
0	listen to music
0	dvd43
0	msnmessenger.com
0	aig4auto
0	guyana.com
0	www.dictionary
0	www.fasa.ed.gov
0	eppicard.com
0	my florida.com
0	www.abercrombie
0	www.mapqest.com
0	mofunzone
0	idolonfox.com
0	account
0	oltl links
0	vacation
0	bl
0	www.amtrak.com
0	airports
0	setting
0	business for sale
0	inmates
0	equifax.com
0	eeoc
0	ed
0	ponds
0	relationships
0	hcad
0	suncoast.com
0	finishline
0	www.mapquestcom
0	aolgreetings
0	www.yahoo..com
0	teen sluts
0	dallascowboys.com
0	career builders.com
0	the game
0	googel.com
0	downloads.com
0	fun brain.com
0	sirius.com
0	inspirational poems
0	www.eastbay.com
0	h & r block
0	crazyshit.com
0	www.redroofinn.com
0	cduniverse
0	gma.abcnews.com
0	killsometime
0	aol call alert
0	www.miniclips.com
0	www.apple.com
0	www.espn
0	haband.com
0	www.ebay .com
0	www.floridalottery.com
0	stock
0	federal jobs
0	www.myspace.cpm
0	peepholecams
0	cd
0	i love debbie
0	ww.craigslist.com
0	www.n.com
0	www.mya
0	birthday
0	wifelovers.com
0	photo
0	navyfcu
0	cameltoes
0	www.orbitz
0	pnc arts center
0	summer jobs
0	petco.com
0	scott trade
0	printable cards
0	williamsonoma.com
0	enable fast start
0	garden
0	mountains
0	webmed
0	chasebadkids.com
0	lhttp
0	nycboe
0	www.traderonline.com
0	www.white pages.com
0	crazymonkey.com
0	coloring
0	wfbcaau
0	www.yahoo.mail.com
0	blackbarbara
0	coach bags
0	pennysaverusa.com
0	88by88.com
0	www.compassweb.com
0	89. com
0	www.topsecretrecipes.com
0	coasttocoastam.com
0	models top-sites
0	m.i.l.f.
0	hotmatch
0	craig lists
0	www.michworks.org
0	sexy dresses
0	baseballfirst
0	fasfa.ed.gov
0	rocks
0	esmas
0	world-sex
0	israel national radio
0	www.food network.com
0	www.polly pocket.com
0	free printables
0	craig'slist.com
0	all
0	3gforfree
0	tvg.com
0	mdlottery
0	sexoffenders
0	nudebeaches
0	www.washingtonmutual.com
0	www.verizon wireless.com
0	www.anualcreditreport.com
0	julie
0	us airways.com
0	www.amazon
0	porno.com
0	cafepharma
0	vincent d'onofrio
0	www.wells fargo.com
0	yahooemail
0	hotwheels.com
0	usda
0	free backgrounds
0	www.genepitney.com
0	www.blackpussy.com
0	www.addictinggames
0	hsbc.com
0	allstocks
0	ccap
0	groups
0	how to draw
0	kcci weather
0	ne
0	inxs
0	aol.music.com
0	www.american airlines.com
0	www.paysefeed.com
0	www.quixtar.com
0	meanings of names
0	www.tmoblie.com
0	bmw.com
0	myfico.com
0	efile
0	myamcloan.com
0	slave4master
0	www.pbs kids.org
0	n906u.com
0	www.merrickbank.com
0	champs
0	dnr
0	continue
0	www.laworks.net
0	htts
0	the hun.net
0	find profile
0	www.my space .com
0	www.circuit city.com
0	lanebryantcatalog.com
0	www.loweswinners.com
0	kol.com
0	gt8qa-w1.turner.com
0	games online
0	babehunt.org
0	singles.net
0	answer.com
0	ltdcommodities.com
0	www.google.comn
0	pageant dresses
0	chat.manhunt.net
0	incredimail
0	print
0	www.ford.com
0	c.com
0	birthday poems
0	www.michigan.gov
0	www.victoria'ssecret.com
0	www.orientaltrading.com
0	am
0	cpixel
0	bathrooms
0	sunbiz.org
0	al
0	everything girl.com
0	careers
0	3gforfree.com
0	collarme
0	www.mcall.com
0	www.msnbc.com
0	nra
0	reverse number lookup
0	web unlock
0	the limited
0	www.craig'slist.com
0	boattrader.com
0	childporn
0	mapit
0	marriottrewards.com
0	daytimedollars.com
0	young teens
0	www.bestgirlsofcolombia.com
0	1.personal-money-advisor.com
0	www.femfight2000jp.com
0	www.collectionsetc.com
0	forms
0	acn
0	notorious online
0	azdiamondbacks
0	8
0	pomeranian
0	savannasamson com
0	mri
0	ww.aol.com
0	globe
0	modeling
0	mass.gov
0	tvgnetwork.com
0	meijers.com
0	xxx.pics
0	www.trendscounter.com
0	xmradio.com
0	mtv.overdrive.com
0	lightspeedgirls
0	www.toys r us.com
0	car rims
0	xxxporn.com
0	cardomain.com
0	www.people.com
0	pizzahut.com
0	bearload
0	world time
0	wac
0	www.mtv
0	rd.focalex.com
0	wwwmy
0	www.freesex.com
0	applebee's
0	gma
0	www.t-moblie.com
0	iconator
0	customlisttips
0	aol security center
0	www.buildabear.com
0	ual
0	kjekstad
0	chats
0	steakandcheese.com
0	clarionledger.com
0	tv stands
0	ss
0	my calendar
0	jjill
0	peoplesearch.com
0	franchises
0	toys r us.com
0	sba
0	free translations
0	pg&e
0	persiankitty
0	cgi.toxxic.net
0	www.edd.ca.gov
0	urbanchat.com
0	poker.com
0	pace
0	2006 nfl mock drafts
0	ken sladyk
0	www.cartoonetwork
0	www.carfax.com
0	pogocom
0	odmp
0	0.
0	kcal9.com
0	mbnanetaccess
0	www.freeweblayouts.net
0	registration.uproar.com
0	academy
0	seaworld.com
0	lionel
0	man
0	aol.
0	viewmymessage.com
0	aol download
0	www.polaris.com
0	www.bangbros.com
0	legal forms
0	masters
0	big
0	orbit.com
0	gma.abc.com
0	international weather
0	duckyporn.com
0	ty
0	horoscope.com
0	www.chico's.com
0	tqlkg.com
0	equibase.com
0	mls.com
0	pffcu
0	youngerbabes
0	mervyn's
0	all recipes
0	www.wamucards.com
0	short haircuts
0	boobs.com
0	download movies
0	wwe toys
0	desks
0	www.netflix
0	loporn.net
0	www.miniclip
0	www.ncl.com
0	madmamas
0	e3
0	call alert
0	supertangas
0	soapzone
0	www.paperdollheaven.com
0	sbfantasyportfolio.com
0	www.r4wr.com
0	stardoll.com
0	office team
0	fx
0	www.brackenspub.com
0	upgrade aol
0	pga.com
0	longestlist
0	adv.webmd.com
0	woman
0	charteronebank.com
0	countrywide.com
0	netteller.com
0	boost
0	jobs for teens
0	pbs kids.com
0	www.mysce.com
0	alamo.com
0	unf.edu
0	2003 rx300
0	www.provbank.com
0	www.primarygames.com
0	bobandtom.com
0	chistes
0	7http
0	ibm
0	yahoom
0	nesting tables
0	quizes
0	cheapseats.com
0	carsoup
0	babysrus
0	aarp.com
0	www.kazaa.com
0	www.lakeside.com
0	daysofourlives
0	billie joe
0	mm
0	dogfart
0	www.aol.music.com
0	hilton.com
0	scrabbleblast
0	br
0	espn sports
0	www.yomama.com
0	www.mbna.com
0	nys.gov
0	www.anthem.com
0	www.games
0	people first
0	cumfiesta
0	naacp
0	apartmentguide.com
0	iwin.com
0	www.dealpass.com
0	coldwellbanker.com
0	howardstern
0	na
0	bcvrf.yahoo.com
0	www.eagamereg.com
0	unlv
0	cdanaw01.thecreek.com
0	lsu
0	credit
0	maquest.com
0	hdtv
0	3d http
0	9.0
0	www.nystax.gov
0	aessuccess.org
0	movie
0	air fare
0	mla
0	thebeast11230
0	gp
0	daytondailynews
0	www.petfinder.com
0	server.tmrack.com
0	cyberbears
0	www.night.net
0	webcamnow.com
0	launchtoday.us.launch.yahoo.com
0	www.njfourwheelers.com
0	www.express-scripts.com
0	used autos
0	amanda pics
0	usairway.com
0	ldsplanet
0	cpr
0	www.enterprise.com
0	www.myspace.comn
0	www.gogle.com
0	government
0	free slot games
0	universalcard.com
0	sovereignbank.com
0	aol e cards
0	find address
0	hewlettpackard.com
0	analsex
0	annellajo
0	creative memories
0	www.nada.com
0	twistys clips
0	www.wheresgeorge.com
0	rv rental
0	www.com
0	seventeen
0	bunnyteens
0	89 com
0	ptsc.ob
0	dollzmania
0	fac
0	www.mapquest com
0	high speed
0	ifriends.com
0	outpersonals
0	www.thankyounetwork.com
0	teenpussy
0	bcps.org
0	www.att
0	deltaairlines.com
0	chuckecheese
0	koika
0	az
0	live
0	ww.y
0	tmoble.com
0	schoolnotes.com
0	ziare
0	women fucking dogs
0	iaaf
0	georgialottery
0	erotcia
0	mynicespace.com
0	www.gushedfacials.com
0	atk natural and hairy
0	www.intervalworld.com
0	jewelrytelevision.com
0	thestarpress
0	www.myspaceom
0	1http
0	googlesearch.com
0	www.t-moble.com
0	west suburban bank
0	vegas hotels
0	www.launch.com
0	cheap air fare
0	www.ltd.com
0	philstar
0	storage
0	www.myspace.copm
0	obsessedwith wrestling.com
0	thescore1210
0	www.powerball.com
0	freeringtones
0	payless.com
0	klm
0	your avon.com
0	rca
0	house for sale
0	southwestair.com
0	hotmail.comhttp
0	www.cheats.com
0	myace.com
0	bananaguide
0	free videos
0	coldwatercreek
0	www.myspacemusic.com
0	www.cheap tickets.com
0	www.asianpleasure.net
0	www.re
0	dreamhorse.com
0	education
0	anthem.com
0	homeinteriors
0	www.mycadet.org
0	carsoup.com
0	cool
0	qwest.com
0	tsa.gov
0	www.neopets
0	howard stern.com
0	sublimedirectory
0	volkswagen.com
0	law
0	www.nationalcitybank.com
0	www.girls gone wild.com
0	uewebserv.intranet.sprintspectrum.com
0	nina.com
0	us
0	r.com
0	buffiethebody
0	pre teen models
0	catalogs
0	www.yahoo.c
0	gun parts
0	www.maury.com
0	car shows
0	free web layouts
0	kolibe gornje
0	fortunoffs
0	sclottery
0	poemas
0	privatedatefinder.com
0	www.davidsbridal.com
0	www.oldissexy.com
0	www.avon.com
0	aqha
0	road conditions
0	bj
0	www.the-n.com
0	kids beds
0	mini clip
0	swingsets
0	8http
0	www.ncsecu.org
0	ncaa.com
0	www.fandango.com
0	blackpussy
0	atv's
0	legs r us
0	www.cox.net
0	usc
0	dans movies
0	bonnie
0	ftv
0	www.masspayouts.com
0	btls.com
0	greendotonline
0	clicks2.traffictrader.net
0	www.weightwatchers.com
0	http www.aesoponline.com
0	pfvrf.yahoo.com
0	play
0	www.abc
0	tnt.com
0	mlsstratus
0	babystyle
0	vidsvidsvids
0	www.workintexas.com
0	wwe com
0	hot jobs.com
0	roomstogo
0	last minute cruises
0	atv parts
0	pinkems
0	tiffanyteen
0	www.winterrowd.com
0	www.true.com
0	tsp.fpcgalleries.com
0	www.fiendforteens.com
0	red
0	sexy men
0	pricaonica
0	retireonline.com
0	neimanmarcus
0	discovery
0	ltd
0	products
0	free song lyrics
0	www.directtv.com
0	www.footlocker.com
0	aj.com
0	www.boxerjam.com
0	www.bigoo.com
0	calenders
0	local.live.com
0	basspro
0	www.packing.org
0	www.tiffany
0	www.exquisite-styles.com
0	www.goshoppingmall.com
0	twisty's
0	supraekey.com
0	pal
0	moremoms.com
0	commercebank
0	kp.org
0	100 xr
0	www.penthouse.com
0	http; clubpogo.com
0	myflorida
0	www.marykay.com
0	onionbooty.com
0	www.myspace.ccom
0	freetranslation
0	www.redbook.com
0	www.tsp.com
0	sexape
0	story
0	mother's day cards
0	unlv.edu
0	ballys
0	www.napster.com
0	dexonline.com
0	pa.lottery
0	www.googlesearch.com
0	storage buildings
0	usgs
0	contact tables
0	outpersonals.com
0	txlottery.org
0	dress up dolls
0	barstools
0	crutchfield.com
0	mother's day gifts
0	webjal
0	mature escorts
0	www.lottery.com
0	wwwirs.gov
0	rental homes
0	bratzpack.com
0	yellow
0	country lyrics
0	www.yahoo.con
0	home.com
0	www.accountcentralonline.com
0	www.oscnewsgazette.com
0	www.nude-girlfriends.com
0	celebritiesinthenude.com
0	free animations
0	mensfacts.com
0	w.ebay.com
0	www.txlottery.org
0	radio.sonicnet.com
0	.comhttps
0	kindgirls
0	...
0	tugjobs
0	toxxic.net
0	usps tracking
0	www.msnhotmail.com
0	erase history
0	rock103
0	new homes
0	cta
0	freemusicdownloads
0	kristinkreuk
0	cumfiesta.com
0	xmatch
0	www.pollypocket.com
0	changebackground
0	yhoo.com
0	www.firstcommbank.com
0	richmondtimesdispatch
0	http www.frontiernet.net cdm age1.html
0	www.bankofamercia.com
0	mlc.fpcgalleries.com
0	pbr 594
0	diecastaircraft.com
0	orgish
0	ce
0	mysce.com
0	goggles.com
0	music notes
0	hockey
0	fdle
0	ftd.com
0	volkswagon.com
0	galleries.ztod.com
0	www.pennlive
0	us99.com
0	motorola.com
0	artists
0	used boats for sale
0	tirerack
0	nvcc.edu
0	beneficial
0	dominospizza.com
0	www.fa
0	projectvoyeur.com
0	lerners
0	666
0	blackcuties.com
0	ncsl
0	b of a
0	land
0	www.google.copm
0	beautiful women
0	redsox.com
0	talent 20show
0	www.google earth.com
0	smt.fpcgalleries.com
0	www.playhousedisney.com
0	www.oneclicksearches.com
0	le.comhttp
0	www.map
0	www.irs.gov.
0	my campus
0	phatazz
0	citimortgage
0	wnep
0	www.calottery.com
0	www.redcross.com
0	virginmobileusa.com
0	youngpussy
0	eftps
0	movie downloads
0	eppicard
0	www.artbell.com
0	toooz
0	newera.com
0	buybuybaby
0	collect.myspace.com
0	jegs.com
0	barebacksex.com
0	graduation poems
0	marykayintouch.com
0	simplefreedom.net
0	hotfreelayouts
0	50 states
0	game4.pogo.com
0	backrounds
0	road maps
0	neo
0	spells
0	mature pics
0	employeeconnection.net
0	holynamesofjesus.org
0	ads.atozteacherstuff.com
0	www.employeeconnection.net
0	kagsess.pixelled.com
0	fights
0	bigmusclebear.com
0	carolina home
0	alaskaairlines
0	njmls
0	kiddonet
0	journeys
0	voyuer
0	koreangirls
0	www.agriseek.com
0	ccs.com
0	fendi.com
0	shopathometv.com
0	firstnational.com
0	machofucker
0	sanrio.com
0	www.moneysheets.com
0	worldmark
0	www.theknot.com
0	kitchens
0	online jobs
0	glassmasters
0	cheapticket
0	www.gamewinners.com
0	boscov's
0	smart pages
0	rubemelis4ever
0	shrubs
0	seventeen.com
0	penndot.com
0	chrisbrown
0	date.com
0	myfreepaysite.com
0	penfed.org
0	freeweblayouts.com
0	www.lottery.ok.gov
0	yahoolagins.com
0	rg
0	dvds
0	nnsecu
0	fun games
0	boat parts
0	picwarehouse
0	graduation quotes
0	that 70's show
0	millionairematch.com
0	www.victoriassecret.com
0	indianaunclaimed.com
0	kind girls
0	theweatherchannel
0	ad-adex3.flycast.com
0	goggel
0	kid games
0	polaris.com
0	mancheck
0	bj's.com
0	www.googe
0	9http
0	paperdollheaven.com
0	bare essentials
0	craig
0	aol.games.com
0	mbta
0	gamesloth.com
0	wetcircle
0	business loans
0	evergirl.com
0	land's end
0	gallery
0	susan b anthony
0	hotgirls
0	america's job bank
0	teen pics
0	small dogs
0	pills
0	wwww.mapquest.com
0	era
0	shempland
0	citicard.com
0	ad.firstadsolution.com
0	above ground pool liners
0	www.mypremiercreditcard.com
0	www.greatjobs.marriott.com
0	www.californialottery.com
0	wwww.email-lotto.com
0	www.bellsouth
0	www.geocities
0	bulldoglist
0	enemaloversguide
0	www.caljobs.ca.gov
0	persiankitty.com
0	sexyvixens.net
0	ghi
0	musicnet aol
0	houseplans
0	www.locohost.net
0	boyreview
0	abtexas
0	ter
0	www.fedx.com
0	marilynmonroe
0	www.va.gov
0	aolmusicnow
0	local hookupz
0	aol upgrade
0	www.blackplanet
0	ww.weather.com
0	last minute flights
0	polo.com
0	www.valottery.com
0	concreteloop
0	www.webct.fiu.edu
0	lou dobbs.com
0	us.hsbc.com
0	nbc10.com
0	song
0	volume
0	psecu
0	sounds
0	familywatchdog.com
0	www.movies.com
0	jizzone
0	www.rioexposed.com
0	boys first time
0	michaelsalgado
0	easypic
0	bed
0	www.bigfishgames.com
0	www.webstersdictionary.com
0	www.freeannualcreditreport.com
0	galleries.thematureshardcore.com
0	www.entertainment.com register
0	affiliates.billingdirect.net
0	wwww.bankofamerica.com
0	www2.atlaspeakfinancial.net
0	www.klikvipsearch.com
0	aol.games
0	www.detroitnews.com
0	fedx.com
0	thesarus
0	www.fluidnow.com
0	a&e
0	cameltoe.com
0	americanairline.com
0	www.keybank.com
0	lows
0	.www.google.com
0	www.officedepot.com
0	wmconnect.com
0	forrent.com
0	katharine debrecht
0	cancel account
0	hobbylobby
0	ticket master.com
0	postaroo
0	ugly people
0	ancestry com
0	www.ameritrade.com
0	www.toondisney.com
0	gnbt
0	www.drphil.com
0	netflex.com
0	www.gscentral.com
0	www.principal.com
0	the knot.com
0	www.funbrain
0	growingfamily.com
0	menards.com
0	katc
0	letras animadas
0	intervalworld.com
0	efirstbank
0	....................................................................................................................................................................................................................................................................................................................................................................................................................................................................................................................
0	gm parts
0	symbols
0	sexsearch
0	escorts.com
0	becu
0	lilkim
0	chp
0	wcca
0	www.google.coom
0	raiders
0	ssfcu
0	www.vonage.com
0	home made videos
0	tv top 5
0	www.taxact.com
0	children's place
0	invasion
0	ballytotalfitness.com
0	www.demfranchiseboyz.com
0	www.beyonceworld.net
0	treeofthegoldenlight
0	bluewhiteillustrated
0	aunt judys models
0	boxerjam.com
0	www.crushspot.com
0	graduation dresses
0	www.chicos.com
0	everythinggirl.com
0	name
0	r4wr.com
0	www.kol.com
0	rccl
0	tmoblie.com
0	paper
0	www.fafsa.gov.edu
0	uspto
0	jetix.com
0	motivational quotes
0	www.pbs kids.com
0	bettersex.com
0	hiltonhotels.com
0	onlinebootycall
0	aclu
0	sam'sclub.com
0	abs
0	www.ticketmaster
0	kids crafts
0	highschoolmusical
0	www.ccsi.canon.com
0	lotteryresults
0	texasholdem
0	www.getmyvisa.com
0	update
0	cosco.com
0	bmw parts
0	neimanmarcus.com
0	endi.com
0	2flashgames
0	www.chasebadkids.com
0	pittsburghpostgazette.com
0	www.atlantabootyshack.com
0	my.freegiftworld.com
0	nyc
0	8thstreetlatinas
0	www.wilottery.com
0	hypnostuff
0	lexus.com
0	yachtworld.com
0	www.colight.com
0	cancel
0	aolcelebrity
0	hiphopgame.com
0	wwwhttp
0	summitracing.com
0	roamans.com
0	sec
0	23isback
0	consumptionjunction
0	cia
0	ask.co
0	telephones
0	www.elnuevoherald
0	www.plasmabeatz.com.com
0	ww.wachovia.com
0	adultfanfiction.net
0	ace-ace ex-bookie
0	hot wives
0	pricechopper.com
0	promdresses
0	ms.com
0	youngerbabes.com
0	www.avery.com
0	coach outlet
0	hr4437
0	wwwmapquest.com
0	freedownloads
0	chris brown.com
0	t shirts
0	teensluts
0	www.windsor.com
0	jay-z
0	scotttrade
0	beastialty
0	myspacemusic.com
0	floridalotto
0	usta.com
0	mini skirts
0	jamaicagleaner.com
0	www.gamesloth.com
0	bazarynka
0	www.maquest.com
0	www.projo.com
0	dr. phil.com
0	http www.myspace.com
0	www.cartoonsanime.com
0	adsvr.adknowledge.com
0	www.dianapost.com
0	birth records
0	teenpinkvideos.com
0	www.apple
0	lijsl
0	pictures of flowers
0	free encyclopedia
0	www.greyhound.com
0	teen jobs
0	www.limewire
0	medical information
0	drivers
0	mofunzone.com
0	www.kkb.com
0	icp
0	homepage
0	www.toon town.com
0	ice
0	myspacem
0	linensnthings
0	boostlive.com
0	www.kp.org
0	insidecoair
0	appleone
0	www.bedbathand beyond.com
0	www.treasurydirect.gov
0	www.growingfamilies.com
0	www.countercommerce.com
0	plus size
0	www.mapqust.com
0	free download music
0	fllottery
0	speed
0	www.facebook
0	thumbzilla.com
0	fashionbug
0	mcps
0	southwestairline
0	www.nordstrom.com
0	foot
0	ira
0	cams.com
0	bluecrossblueshield
0	nickcom
0	pch.com
0	paydayloans
0	tiaa-cref
0	musiciansfriend
0	cdot
0	lost money
0	www.experian.com
0	gsn
0	lose weight
0	www.landsend.com
0	worldbookonline.com
0	frontierairlines.com
0	www.projectvoyeur.com
0	aol security edition
0	la gazzeta dello sport
0	freetimeonline
0	ps2
0	bigboobs.com
0	home page
0	csi.com
0	travel.com
0	wwe com.
0	medical questions
0	ww.wellsfargo.com
0	nih
0	www.yahoogames.com
0	kbr.com
0	www.flag2flag.com
0	www.bratzpack.com
0	www.valeriejune.net
0	www.foodnetwork
0	sad poems
0	definitions
0	myspacepimper.com
0	afpc
0	popular club
0	www.nys.gov
0	www.lyrics
0	www.feedback.telloldnavy.com
0	www.employmentguide.com
0	www.dl.ed.gov
0	mapqust.com
0	buy owner
0	sephora.com
0	thermage
0	nick jr.
0	grgr
0	myspac.ecom
0	www.partypoker.com
0	sexy games
0	upn.com
0	pampers.com
0	www.nbc.com.dond
0	men4sexnow.com
0	akc.org
0	www.deluxe.com
0	aolgames.com
0	americanfunds.com
0	postaroo.com
0	goldpoints
0	wwww.facebook.com
0	upsers
0	www.potterybarn.com
0	dansko
0	www..google.com
0	cpap
0	carter69
0	waterbeds
0	familywatchdog
0	www.mtv.overdrive.com
0	young teen top-sites
0	free mature pics
0	www.bikini.com
0	oo.com
0	bookofmatches
0	2theadvocate
0	moving
0	aol update
0	international
0	www.e-zpassny.com
0	www.myscene
0	astro.com
0	bankamerica.com
0	nutri system
0	nextell.com
0	temp2.adecn.com
0	blizzardfanclub.com
0	edhelper.com
0	bearmen
0	americawestairlines
0	freeonlinegames.com
0	at&t.com
0	young models
0	brazilgirls
0	ltd.com
0	spring flowers
0	air lines
0	www.bankofamerican.com
0	www.graphics.crossdaily.com
0	hellokitty.com
0	studnicky
0	qiran.com
0	payngo
0	www.llbean.com
0	science images 1967
0	gamls
0	morpheus.com
0	outdoor kitchens
0	chevrolet.com
0	juicyclips
0	brandsmart
0	twistys.com
0	cheatcodecentral
0	preteengirls
0	welcome page
0	lycosmail
0	www.etrade.com
0	national
0	funny clips
0	esims
0	for sale by owner.com
0	teenchat
0	suzuki.com
0	pcadprotector.cc
0	free pictures
0	realstate
0	firepay
0	www.t.i.com
0	www.mondolist.com
0	duckyporn
0	sco
0	royalcaribbean
0	www.blackbooty.com
0	www.navyfcu.org
0	nationwide
0	www.facebook.cm
0	hotpussy
0	ae
0	http www.yahoo .com
0	wwwbankofamerica
0	home expo
0	ex
0	hobbylobby.com
0	dailyracingform
0	mlsli.com
0	5
0	davidsbridal.com
0	nick . com
0	ediets.com
0	www.onlinebootycall.com
0	www.victoriasecret.com
0	artvan.com
0	pepboys.com
0	pge
0	www.bj's.com
0	ww.cingular.com
0	www.your avon.com
0	phila.gov
0	wits end
0	medical symptoms
0	yahoo.m
0	dhrma
0	big boobs.com
0	truckpaper.com
0	thomas
0	queerclick
0	www.lashcash.com
0	mom
0	boobies.com
0	tnlottery.com
0	www.lysl.org
0	fifa
0	wjcc schools
0	www.ancestry.com
0	occ
0	email.bose.com
0	kit cars
0	lyric
0	www.mc-nudes.com
0	beastyality
0	alicelove
0	my t-mobile
0	musicnet
0	barnes&noble
0	www.coach.com
0	ce.comhttp
0	www.50states.com
0	game winners
0	peegs
0	rentclicks
0	xpirin
0	signs
0	hemmings
0	rhttp
0	twistys video
0	married women
0	www.fordpartsnetwork.com
0	www.bordersrewards.com
0	www.coldwellbanker.com
0	www.evelynfortstewart.com
0	www.neodragonriders.com
0	mobilegreyhoundpark.com
0	monk-e-mail
0	sfogs.com
0	blue
0	word
0	www.bigtits.com
0	www.cbmove.com
0	cruise reviews
0	updates
0	cloland.com
0	myyahoo.com
0	www.lexmark.com
0	bnsf
0	www.cigna.com
0	tdcj
0	smaller screen
0	rate limits
0	spiritairlines.com
0	insidersavings
0	zillion.com
0	1960's costumes
0	www.goo'
0	t-moble.com
0	home.talkcity.com
0	aaonline
0	www.bankofamerica com
0	bold and the beautiful
0	tcfbank
0	signature sound
0	hi 5
0	mtv trampling
0	download center
0	globalfight
0	eteamz.com
0	petite dresses
0	dating sites
0	basspro.com
0	nba rumors
0	flowmaster.com
0	squelchies
0	dewfreeride.com
0	meaning of dreams
0	petite teens
0	myspaccom
0	bdsmlibrary.com
0	sexyads
0	ar
0	zilla.com
0	www.fordcredit.com
0	texaslottery
0	mate 1
0	www.capitolone.com
0	www.goodmorningamerica.com
0	www.davidbridal.com
0	www.gmcard.com
0	www.rci.com
0	aol profile
0	www.myspacelive.us
0	www.e-bay.com
0	www.babyphat.com
0	gaythumbs.nl
0	upstracking
0	kroger.com
0	housevalues.com
0	gamerival.com
0	sovereignbank
0	ziare com
0	thehuns.com
0	my 20space
0	adameve.com
0	pic
0	graduation songs
0	n.j.lottery
0	red door
0	mma
0	www.continental
0	royalcaribbean.com
0	www.google.colm
0	mapguest
0	free spells
0	friendship
0	htto
0	browser fix
0	t-moblie.com
0	ff
0	decorating
0	kristens archives
0	www.yahooligans
0	www.bellsouth.com pay
0	www.familysearch.org
0	www.fotosprivadas.com
0	www.cbssportsline.com
0	www.bankofameria.com
0	mini clip.com
0	hightimes
0	payment
0	aldo
0	bnyonline
0	deal or no deal.com
0	fun quizzes
0	www.gma.abc.com
0	abbeyphonesex
0	four seasons
0	gotmoms.com
0	www.countrywide.com
0	http alt.com
0	www.lasvegas.com
0	jcrew.com
0	www.myspace.m
0	squirters
0	www.dmv.com
0	hotfreelayouts.com
0	bigdicks
0	sexy clothes
0	yachtworld
0	bigoo.com
0	cox.com
0	peoplefinders
0	travel deals
0	ako.com
0	lolwebhost.com
0	craft stores
0	gifts
0	libidex
0	abounding love group
0	zales.com
0	www.progressive.com
0	cartoonorbit
0	relatos eroticos
0	astroclock
0	stupidvideos.com
0	tcunet.com
0	d.com
0	jeep.com
0	work at home jobs
0	disneychanel
0	linda
0	michael's
0	cheap ticket.com
0	sfredbook
0	dressupgames
0	member directory
0	www.fafsa
0	www.blair.com
0	kingchile.com
0	g4
0	starledger
0	du
0	pmca
0	g.com
0	rate me
0	dr phil.com
0	pretty feet pictures
0	chuckpanozzosplace.com
0	www.worldnetdaily.com
0	consumptionjunction.com
0	www.weddingchannel.com
0	http southwest airlines.com
0	www.myfreepaysite.com
0	www.bankofamerca.com
0	john l scott
0	chicagotribune
0	young sluts
0	craft supplies
0	www.accuweather.com
0	aol settings
0	nhttp
0	windsor.com
0	43
0	usmc
0	ww.mys
0	sexy guys
0	www.lanebryant.com
0	www.carebears.com
0	tsc
0	dollartree.com
0	mlspin.com
0	acc
0	adultfriedfinders
0	dressup games
0	hotm
0	horsesex
0	amishdonkey
0	benefits.ml.com
0	aol anywhere
0	tsa.com
0	screen doors
0	seakingsfemfight
0	lightnfit.com
0	www.mys'
0	gotomypc.com
0	mature kingdom
0	wmur
0	account settings
0	yohoo
0	www.bible.com
0	bob
0	www.esmas.com
0	calandar
0	chubbyland
0	freeporno
0	wwwm
0	block
0	www.netzero.net
0	firstunion.com
0	findgaypix.com
0	dish
0	sunbiz
0	50states.com
0	www.answer.com
0	father's day
0	www.poetry.com
0	wellsfargobank.com
0	wwww.yahoo.com
0	tightpussy
0	dodgers.com
0	columbiahouse
0	coasttocoastam
0	ubs.com
0	mmorpg
0	chicagosuntimes
0	workathome
0	faa
0	www.photbucket.com
0	craigslists
0	www.epayroll.theworknumber.com
0	rude-intent-creationz.com
0	www.dallascowboys.com
0	www.columbiahouse.com
0	jsu
0	roots.com
0	har
0	dd
0	hands
0	ny1
0	www.cupid.com
0	northwest.com
0	njdmv
0	www.cvs.com
0	burlington.com
0	www.gamespot.com
0	wsu
0	dogs fucking girls
0	www.kraftfoods.com
0	www.nationmedia.com
0	dogs.com
0	otmail.com
0	tp.fpcgalleries.com
0	www.mobseen.com
0	fema.com
0	lyrics on demand
0	easternbank
0	gardens
0	img src http
0	www.bionicle.com
0	toondisney
0	book stores
0	tvlistings
0	whateverlife
0	www..994.org
0	yhaoo
0	brylanehome.com
0	teacher poems
0	msm
0	workintexas.com
0	porn-city
0	onlymovies
0	www.coolwhip.com
0	www.rune scape.com
0	primary games
0	sayings
0	gnc.com
0	88sears
0	extra
0	kawasaki.com
0	www.transunion.com
0	www.nextell.com
0	postyourgirls
0	ask 20jeeves
0	qqq.qqq.qqq
0	boylinks
0	bowl.com
0	www.fasfa.edu
0	closets
0	skulls
0	citifinancialauto.com
0	www.killsometime.com
0	alandprobuilderplus.com
0	www.girlsofbraziltv.com
0	printable invitations
0	www.allclassical.com
0	www.microsoftword.com
0	partylite
0	america
0	myspacebackgrounds
0	la
0	entfederal.com
0	www.edmunds.com
0	mailcontrols
0	putas
0	www.ftb.ca.gov
0	expidia
0	wwwfidelity.com
0	observer
0	mcall.com
0	3d
0	www.googel
0	tastytara.info
0	cheap plane tickets
0	www.l
0	www.myflorida
0	wwwy
0	foot problems
0	www.bjs.com
0	abc distributing.com
0	infolanka
0	miamiherald
0	6
0	alpha.1freehost.net
0	radiostarsf
0	smokinggun.com
0	ads.datais.com
0	websterbank
0	mbhs.bergtraum.k12.ny.us
0	www.webhostingtroops.com
0	www.enchantedlearning.com
0	www.directvideoanddvd.com
0	www.choosemyrewards.com
0	mfc
0	freesex.com
0	alabamapower.com
0	www.k9web.com
0	friendfinder.com
0	myspacecodes
0	air tran.com
0	business plans
0	girls.com
0	ww.blackplanet.com
0	sexhungryjoes.com
0	states
0	funny sayings
0	booble
0	vcu
0	carsonline.com
0	e.bay
0	www.ebay.
0	www.cashbreak.com
0	www.lowes
0	finding people
0	aol checkup
0	wet girls
0	blacksingles
0	ld
0	commutedata
0	www.wiltonprint.com
0	octfcu
0	wwww.ask.com
0	wwwyahoocom
0	usmint
0	bgsu
0	hypnopics
0	northforkbank.com
0	dr. seuss
0	ghin.com
0	birthday express
0	msncom
0	sesamestreet.com
0	hclient.chat.yahoo.com
0	soulfuldetroit
0	yahoosingles
0	mvrhs
0	ww.match.com
0	survey.nnselect.com
0	www.pinkmature.com
0	teenfilipina.com
0	lil kim lyrics
0	www.moviefone.com
0	www.manhunt.net
0	www.google.ccom
0	bridal showers
0	www.irs.gov.com
0	church
0	rep-am.com
0	party themes
0	www.newyork
0	www.lds.org
0	wwwautotrader.com
0	fcc
0	pool cues
0	america west.com
0	cheap cars
0	www.black
0	www.masslottery.com
0	usssa
0	www.gogle
0	nylons
0	fpl.com
0	crateandbarrel.com
0	todorelatos
0	last minute travel deals
0	www.pegasusfaucets.com
0	brisnet race of the day
0	latinchat.com
0	a2z
0	onemodelplace
0	pogo.pogo.com
0	web deals
0	applevacations
0	westernunion.com
0	fordmuscle
0	song meanings
0	ww.goo
0	epa
0	chttp
0	citgo.com
0	studyisland.com
0	www.kellybluebook
0	ucf
0	hambywoman
0	aau
0	female underware
0	&
0	asredas.com
0	makeupalley
0	www.mapquest.c..
0	famous people
0	ecw
0	www.chadwicks.com
0	paragonfcu
0	milfs.com
0	libraryofthumbs
0	www.babiesrus
0	freepussy
0	teagames.com
0	dudesoffcampus.com
0	sundresses
0	camelsmokes.com
0	www.craiglist.com
0	map blast
0	ssa
0	www.qwest.com
0	brylane home
0	msnmessenger
0	http yellow pages.com
0	www.whateverlife.com
0	clevelandindians.com
0	commerceonlinebanking
0	www.bankofameica.com
0	askjeves
0	rsd
0	www.realestate.com
0	www.yahoo mail
0	9
0	agedwards
0	wal mart.com
0	low income housing
0	free online slots
0	adelphia.com
0	contest
0	aths
0	boats.com
0	easy designer
0	bidz
0	yomama.com
0	cancellation
0	electrak
0	connectiononline
0	www.mail2web.com
0	1wrestling.com
0	ssfcu compubranch
0	world news
0	www.yahoo music.com
0	maxfat.com
0	www.alaskaair.com
0	postyourbeaver
0	www.facebook.co
0	stop
0	dragonballxxx
0	otb
0	in
0	wwwaskjeeves.com
0	adameveblack.com
0	table lamps
0	s2kclub.com
0	booboo69
0	steelers.com
0	ahoo.com
0	wbc.com
0	air flights
0	ibsnetaccess.com
0	palmbeachpost
0	kdka
0	www.verticalvillages.com
0	www.walgreenssurvey.com
0	www.continental airlines.com
0	noaa.gov
0	americredit.com
0	priceless420.com
0	www.nydailynews.com
0	wwf
0	adt
0	printable calendars
0	oregonian
0	kroq
0	buildabear.com
0	lmctruck.com
0	www.wsnrewards.com
0	ww.espn.com
0	babyphat.com
0	surnames
0	game downloads
0	www.affnet.com
0	chat.com
0	logitech.com
0	dress up
0	inmate locator
0	starpoker
0	phillies.com
0	schoolnotes
0	bankofameica.com
0	asperger's syndrome
0	ecampus.wintu.edu
0	discovery.com
0	rutgers-newark
0	kiim fm
0	mysteryshoplink.com
0	tirerack.com
0	top 100 songs
0	blackbooty
0	detr
0	mini bikes
0	www.ampland
0	www.thdrugexpress.com
0	jayski.thatsracin.com
0	www.buffiethebody.com
0	metrocreditunion.org
0	www.dell.com supplies
0	googleom
0	aol check up
0	damon dogg
0	writing
0	shoecarnival.com
0	pbr
0	free stories
0	trader online
0	toondisney.com
0	rental properties
0	nfldraft
0	www.carnival.com
0	male maids
0	promotions
0	www.allstate.com
0	nj dmv
0	cheap travel
0	address lookup
0	jjj
0	hotgirls.com
0	mlb trade rumors
0	little april
0	eyemed
0	tahoo.com
0	funny t-shirts
0	veronicavanoza
0	www.mycricket.com
0	xxxlolitas
0	bigcocks
0	tcf
0	billoreilly.com
0	csun
0	part time jobs
0	biblegateway
0	my.
0	.yahoo.comhttp
0	www.google.m
0	www.firebird.cn
0	sceducationlottery.com
0	www.chrisbrownworld.com
0	affiliates.jeanharris.com
0	northwest airlines.com
0	big steves g-string gallery
0	www.checksunlimited.com
0	www.chryslerfinancial.com
0	fredericknewspost
0	wilc
0	diseases
0	www.nexxx.com
0	pictures of dogs
0	joecartoon
0	pace.com
0	newportnews.com
0	compassweb
0	amizon.com
0	on
0	march
0	www.tmobile
0	adamandeve.com
0	aafes.com
0	q107.com
0	www..yahoo.com
0	md
0	dead people
0	bananarepublic
0	audio
0	c6
0	www.yaho.com
0	www.comerica.com
0	kudl
0	ta
0	pace.comhttp
0	rightmedia.net
0	www.rebelde.tv
0	healthy recipes
0	classified
0	avcool
0	www.mycokerewards.com
0	www.oprahwinfrey.com
0	graduation party ideas
0	www.thetruevoyeur.com
0	kidswb.com
0	eroticy.com
0	ascap
0	charterone
0	iwantu
0	xxxporn
0	www.bbt.com
0	aol.pogo.com
0	gcu
0	app.com
0	102.9
0	msn.
0	www.fafsa.ed.gov.
0	www.yahooom
0	nydmv
0	www.onlinecci.com
0	opry.com
0	chuckpanozzo.com
0	wistv
0	animations
0	c schwab home page
0	www.milfhunter.com
0	ka
0	court records
0	aspire
0	wowtgp
0	www.riteaid.com
0	talk city
0	shemaleprivate.com
0	childsupport
0	mtv2
0	www.google. com
0	vacationstogo.com
0	applebottom.com
0	ucla.com
0	www.disney .com
0	maricela919
0	www.verizondsl.com
0	instant 20message 20preferences
0	galleries.amateurnest.com
0	www.cingular.com.mediamall
0	thgdhfdjgshhhhhhhhhhhhhhhkjkjkjkjkjkjkjkjkjkjkjkjkjkjkjkjkjkjkjkj
0	date
0	the male body
0	gh
0	peachy18
0	2flashgames.com
0	hot ladies
0	aspirecard.com
0	dr
0	www.aol music.com
0	www.rent.com
0	free boy pics
0	elnacional
0	ht
0	www.kylottery.com
0	conedison.com
0	lonestarlegal
0	hotmatchup
0	www.gamehouse.com
0	avenue.com
0	www.myaol.com
0	lakers.com
0	www.cbs
0	mva
0	www.teenflirt.com
0	richard realm
0	julielist
0	bedbathand beyond
0	ccp.edu
0	www.yahoo.comn
0	pa.direct.file
0	www.gov.com
0	www.firefly.com
0	realty.com
0	gisele
0	stopandshop
0	old spunker galleries
0	www.first-financialbank.com
0	members.listsiteadult.com
0	www.cashnetsweeps.com
0	nationalcitybank.com
0	www.flalottery
0	map.com
0	incestquest.com
0	ww.g
0	curlydavid
0	tag
0	ww.sconex.com
0	codes
0	hanks honeys
0	aerosoles
0	jmu.edu
0	kohler.com
0	yahoo.music.com
0	www.maxygirls.com
0	www.charterone.com
0	jizzhut
0	www.newgenlook.info
0	texaslotto
0	privatexxx.org
0	oscn
0	loveandseek
0	us hsbc
0	playhouses
0	pix place
0	orientaltrading.com
0	free invitations
0	a-zlyrics
0	princess parties
0	exxonmobilcard.com
0	www.delta
0	www.gateway.com
0	male
0	office depot.com
0	bigmommahosting
0	certificates
0	www.t-mobile
0	game house
0	astrologyzone.com
0	career.com
0	olympics
0	free on line games
0	funny poems
0	coolkicks
0	ll
0	www.yahoom
0	girl games
0	charterone.com
0	www.p1mpclub.com
0	coolios
0	livescore
0	petfinders
0	people locator
0	7
0	lolitampegs
0	wbc
0	vsp
0	smart bargains
0	tv schedule
0	opensaysme
0	mapblast.com
0	www.88by88.com
0	www.googel.com
0	fha
0	2004 f150
0	support
0	job descriptions
0	the unit
0	party dresses
0	book
0	musica
0	;
0	irs gov
0	bme
0	de
0	men4now.com
0	www.mapquest.cm
0	hoo.com
0	www.ny
0	croscill
0	dangerdave
0	www.pizzahut.com
0	www.myspace.coom
0	belpawol
0	h4x0r3d.kronichalo.com
0	www.black planet.com
0	www.bobsanimalfights.com
0	www.accountcentral.com
0	www.cheapmovieposters.net
0	http bank of america.com
0	www.bankofamericacom
0	continential airlines
0	southwest 20airlines
0	vcu.edu
0	egreetings
0	nyra
0	shobannews
0	driveinsurance.com
0	scoresandodds
0	www.po
0	diynetwork
0	churches
0	goohttp
0	wopserver.com
0	lifetimetv.com
0	www.thehun.net
0	travelsmith
0	www.courttv.com
0	hcc
0	dollzmania.com
0	www.kroger.com
0	young teens.com
0	www.wingsonline.com
0	www.azlyrics
0	bluethumbs
0	wild
0	www.dmvnow.com
0	boat
0	uab.edu
0	www.wal mart.com
0	regionsnet
0	www.verizon.net
0	sharapova
0	www.pokerroom.com
0	harborfreight.com
0	hockey equipment
0	bitches
0	www.omaha.com
0	caramail
0	www.4csurvey.com fb
0	mozaki
0	tip-it
0	ajb.org
0	winmx.com
0	stallone
0	person search
0	tickets.com
0	centerpieces
0	lipodrene
0	albertsons.com
0	blubster
0	kkb.com
0	www.yellow pages
0	mikesapartment
0	bulletin..com
0	gucci.com
0	nj
0	hotmoms
0	delgreco
0	www.dragonballz.com
0	star telegram.com
0	hpd
0	cheapjunk
0	newport-news.com
0	trucks for sale
0	downeysavings.com
0	firstmerit.com
0	mysa.com
0	www.freegames.com
0	phones
0	exterior doors
0	www.imdb.com
0	aol profiles
0	superbuddy
0	amozon.com
0	cheap vacations
0	www.eteamz.com
0	firstfinbank
0	ptsd
0	babyrus
0	commercebank.com
0	killerfrogs
0	aol support
0	clubxiangqi
0	choicehotels.com
0	www.americawest.com
0	californialottery.com
0	www.musclehunter.com
0	fcatparentnetwork.com
0	www.diseny channel.com
0	reverse number look up
0	blackbabyboomermeet.com
0	www.dashboardanywhere.com
0	www.nationalcarrental.com
0	nashvillestar.usanetwork.com
0	catherine zeta-jones
0	search.tabcrawler.com
0	www.weatherchanel.com
0	pcdi
0	applevacations.com
0	ww.target.com
0	free lyrics
0	tcfexpress.com
0	waltdisneyworld
0	comhttps
0	bostonworks
0	xgirls
0	nextell
0	e trade
0	dac8.com
0	www.iwon.com
0	citi.com
0	www.nick .com
0	ca dmv
0	simplicity patterns
0	nordstroms.com
0	www.tornados.com
0	hhtps
0	www.expedia
0	advanceautoparts
0	pee
0	targets
0	nethttp
0	sexy woman
0	bmwusa
0	teen thumbs
0	hamptoninn.com
0	adult pictures
0	femjoy
0	davila
0	nakedteenies
0	preteenmodels
0	bfcu
0	mother's day crafts
0	nmargin.com
0	naughty at home
0	aol9.0
0	wpxi
0	freeslot.com
0	ww.disney.com
0	www.vistaprint.com
0	alaskaair
0	blackass
0	www.manpics2000.com
0	uncw
0	college grants
0	p2p
0	prisons
0	cdc.com
0	webtest
0	lovers
0	what
0	colonialbank.com
0	buddylist.com
0	www.deltaair.com
0	buyowner
0	www.cofcu.org
0	office
0	ww.aim.com
0	joann.com
0	sauder
0	troweprice
0	myspac.com
0	53
0	herpies
0	www.michaels.com
0	aes
0	bdsm stories
0	olidahozi
0	ni
0	vec
0	gay69
0	running
0	std's
0	bridges
0	sexy legs
0	katahdin.corp.vsac.org
0	betterbusinessbureau.com
0	annual credit report.com
0	www.freeonlinegames.com
0	industrialgothic.com
0	www.nexusgoldclub.com
0	seancody
0	cams
0	girlgonewild.com
0	ttologin.com
0	hot mature women
0	www.abcnews.com
0	annualcreditreport
0	bignaturals
0	mrqe
0	www.rvinet
0	napkinnights
0	www.bofa.com
0	ebayauction
0	trucktrader
0	ww.askjeeves.com
0	www.maps.com
0	wrestleboard.com
0	www.men4now.com
0	mta.com
0	iwanna
0	bmg.com
0	spirit.com
0	charlesschwab
0	key
0	bareminerals
0	sbc global
0	cooltoad
0	hurriyetim
0	creditreport
0	movie scripts
0	realty usa
0	www.freeslots
0	mlxchange
0	imsettings
0	www.yellowpages
0	parties
0	ft com
0	girl models
0	pool games
0	www.mt
0	us search
0	mychemicalromance
0	slimquick
0	www.face
0	sologirls
0	. sharapova
0	my portfolios
0	searsportrait.com
0	www.rfa.org
0	divas.com
0	www.bmgmusic.com
0	bedbathbeyond
0	edmonds.com
0	mycb.compdent.com
0	nick. com
0	mygateway
0	www.ps3.com
0	www.bobandtom.com
0	www.al4a.com
0	imlive
0	evp
0	medicines
0	comfort inns
0	www.chat.com
0	tabutoys.com
0	blackbarbara.com
0	upenn.edu
0	realty executives
0	lipovarin
0	--
0	bobandtom
0	mda
0	michaels.com
0	volmeister droner
0	cablevision.com
0	ipod.com
0	dreamhorse
0	www.bernstein.com
0	www.myspace.come
0	quest.com
0	sakapfet.com
0	pepsismash.com
0	www.bankofameric.com
0	ww.cartoonnetwork.com
0	crazymonkeygames.com
0	www.citimortgage.com
0	www.tnbridge144.com home page
0	rpr.swna.wdpr.disney.com
0	www.toyotafinancial.com
0	www.yahooenespanol.com
0	www.careerbuilders.com
0	www.allegiantair.com
0	www.88sears.com
0	abc lost
0	o.comhttp
0	adex3.flycast.com
0	mini clips
0	diynet.com
0	incest.com
0	eddiebauer.com
0	free adult stories
0	www.downelink.com
0	air
0	smokerswelcome.com
0	abercrombie.com
0	fessee rouge
0	cbest
0	cigna.com
0	mckessie
0	www.googleom
0	www.2fort4.com
0	op
0	clean jokes
0	wamu.com activate
0	makeup
0	www.myspace layouts
0	airlinetickets
0	rvtrader
0	www.cheatplanet
0	acbl
0	geonlineservice.com
0	vscc
0	csx
0	www.cameltoe
0	hoopzonline.com
0	zip realty
0	www.osc.state.ny.us
0	clubs
0	wife lovers
0	jetblueairlines
0	dansmovies
0	us99
0	tcnj.edu
0	phttp
0	royal caribbean.com
0	tamagotchi.com
0	moving trucks
0	hjfgj
0	babies r us.com
0	www.wikipedia
0	mycricket.com
0	www.pictureview.com
0	what word
0	palmbeachpost.com
0	www.barbie
0	movie soundtracks
0	snl
0	.my
0	sunbrella
0	meijer.com
0	famu.edu
0	fashionbug.com
0	gazetat shqiptare
0	holidayinn.com
0	kimeternity
0	movie listings
0	beasteality
0	irs refunds
0	ncsca
0	pepsi.com
0	4
0	uab
0	slotland
0	posie
0	www.battleon.com
0	adp
0	mhttps
0	eaby
0	nn
0	verizion
0	welivetogether
0	learnchat
0	vivid
0	be
0	www.firstgov.gov
0	sabres
0	www.cablevision.com
0	yahoogroups.com
0	medcohealth
0	ge.com
0	goodle
0	www.a.com
0	ethiopianreview
0	life
0	employeeexpress.gov
0	ewww.ebay.com
0	www.turkeyhill.com
0	ksat12
0	www.kartworld.com
0	home interior
0	www.comcast
0	livecam
0	www.dom.com
0	ww.cnn.com
0	goodmorningamerica
0	washingtonmutual.com
0	wandascountryhomecom
0	relatos eroticos de incesto
0	www.myglitterspace.com
0	www.omegapsiphifraternity.org
0	www.montelwilliams.com
0	www.irsgov
0	tagworld.com
0	score
0	trunews
0	jumpseatnews.com
0	www.bigcocks.com
0	wet
0	www.phatazz.com
0	disneychannle.com
0	virginialottery
0	john collver
0	beastuality
0	www.pa.state.us
0	ihttp
0	tcc
0	index.htm
0	alllotto.com
0	verizondsl.com
0	www.playboy
0	horscopes
0	www.aarp.org
0	ktmgirls
0	bottles
0	www.tvguide.com
0	flowgo.com
0	yourcardaccount.com
0	badgehelp
0	recordnet.com
0	www.mandtbank.com
0	loveaccess.com
0	paper models
0	nyc restaurants
0	printable calendar
0	momshere
0	kissing girls
0	call wave
0	chicagohoodz.com
0	pistons
0	blowjobs.com
0	dcfcu
0	e-card
0	global travel
0	redroofinn.com
0	ashleyfurniture.com
0	80's music
0	nysed.gov
0	www.vietfun.com
0	www.pfcu.com
0	flashgames247
0	nextpimp.com
0	e-trade
0	amandapics
0	party rentals
0	daysinn.com
0	free layouts
0	marriot.com
0	1040ez
0	wickedweasel
0	belts
0	bestbank
0	fdny
0	thumbz
0	hanks galleries
0	mynextel
0	paxed
0	classmate.com
0	bilatinmen
0	va.lottery
0	hiv aids
0	www.fpl.com
0	2002 rx300
0	www.you tube.com
0	www.411.com
0	tomleehealth.com
0	windowsupdate.com
0	gma.com
0	depressionhurts.com
0	www.dominosurf.net
0	ocala4sale
0	odjfs
0	betgameday.com
0	www.dojinshi.ws
0	ocala4sale.com
0	exit realty
0	sam's
0	daysinn
0	reverse address
0	mini
0	wagerline
0	xxxmovies.com
0	ufcw
0	www.americangirl.com
0	goodmorningamerica.com
0	www.melloninvestor.com isd
0	www.disneyphotopass.com
0	www.countrywidehomeloans.com
0	www.worldteenies.com
0	www.david'sbridal.com
0	bay.com
0	megamillion
0	adult cartoons
0	picpost
0	ferrari.com
0	mygen.uk.co
0	cra
0	long
0	wouldyouhitthis
0	livio
0	msg
0	ew
0	orangebloods
0	www.nextel
0	photo bucket.com
0	50 states.com
0	sexymoms.com
0	usga
0	420
0	fantasyfinder
0	ww.ups.com
0	beautiful
0	glittergraphics
0	usbc
0	www.deltasong.com
0	free slot
0	rentacenter
0	craig'slist
0	mlb rumors
0	plump rumps
0	cabins
0	members
0	sport
0	opm
0	gardenridge.com
0	sls
0	www.disneyland.com
0	www.greathires.org
0	tucsoncitizen
0	www.google.cmo
0	twistys best videos
0	essays
0	areacodes
0	seat covers
0	picture
0	ww.wamu.com
0	pepsifreeride
0	bearlicious
0	swollen ankles
0	freesample
0	www.designarena.it
0	disneygames
0	home decorators
0	northcarolina
0	cgi-bin
0	plenty of fish.com
0	scholastic.com
0	citizenbank.com
0	www.equibase.com
0	nurgles
0	mgm
0	plays
0	pregnacy
0	don best
0	tourou.edu
0	e news
0	www.vrbo.com
0	blkgaychat.com
0	uaw
0	death notices
0	www.wetpussy.com
0	dixiechicks.com
0	bsis
0	starfool
0	rv sales
0	canon.com
0	bjs.com
0	bestbuys
0	dmso
0	bizbuysell
0	www.wku.edu
0	iaai.com
0	www.yahoo.m
0	www.key.com
0	publishers
0	older women
0	tb
0	twc
0	skyauction.com
0	yahho.com
0	myinceststories
0	eeo.volt.com
0	www.promissor.com
0	saratogian.com
0	driving 20directions
0	www.washington mutual.com
0	www.carnival.com mycruise
0	www.deal or no deal.com
0	welcme screen and im list
0	www.zanesvilletimesrecorder
0	paintings
0	steveharvey.com
0	cboe quotes
0	funny shirts
0	www.clubpogo.com
0	wlos.com
0	hogtied.com
0	absolutely male
0	88by88
0	vases
0	www.clickbank.com
0	rv parts
0	nashvillestar
0	chrysler.com
0	www.yamaha.com
0	3pic teen
0	teenmodels
0	nj jobs
0	models sites
0	hangaroo
0	discover card.com
0	gm.com
0	msnlatino
0	house.gov
0	bangmywife
0	kbtoys
0	xmen3
0	mature woman
0	www.rimestimes.com
0	kellyclarkson
0	golfsmith.com
0	betmill
0	wellsfargobank
0	groong
0	cbd
0	yahoo.comn
0	freestuff
0	criden9999
0	mbusa
0	theatres
0	gmbenefits.com
0	twinkz
0	playsite
0	z gallerie
0	northerntool.com
0	extremeboyz
0	funjet.com
0	crazymonkey com
0	fbisd
0	primericaonline.com
0	deawatch
0	miamidade.gov
0	odot
0	bachelor
0	rx
0	gardenweb
0	biography
0	propertyroom
0	www.airjordan.com
0	hotteensex
0	ufc 60
0	tastethemystery.com
0	jessicasimpson
0	realitysexsites
0	skating results
0	kontraband
0	northern tools
0	heaven666
0	channel
0	www.dogs.com
0	www.ny1.com
0	lose weight fast
0	checkup
0	video clips
0	gecu
0	baskets
0	david bridal
0	www.kn.pacbell.com
0	circit city
0	www.fafsa.gov.ed
0	refdesk
0	biographies
0	1971 suburban
0	da
0	chryslerfinancial
0	t-mobil
0	www.cubfoods.com
0	chairs
0	firstcitizens.com
0	cms
0	i2.peapod.com
0	bestwestern.com
0	upcoming movies
0	cjsa
0	latineuro
0	anyvids
0	e85
0	home builders
0	new grounds.com
0	www.google.coim
0	www.bangbus.com
0	evaluacin journal
0	ce.com
0	hollandamerica.com
0	freegonzo
0	everyone connected
0	www.dekalb.k12.ga.us
0	www.yourhostedgalleries.com
0	www.edwardjones.com accountlink
0	bedbathand beyond.com
0	www.glamourladies.com
0	my.naturalinsight.com
0	atptour.com
0	locate people
0	sbbt.com
0	www.whitepages
0	www.neopet.com
0	b5unplugged
0	www.nyc
0	free6
0	puppyfind
0	areagirls
0	threepillows
0	www.pparx.org
0	gf
0	abc tv
0	jjj pornno
0	horsetopia
0	idot
0	bubblegumclub.com
0	seehowtheylive.com
0	content advisor
0	crushspot
0	shooshtime
0	dl.ed.gov
0	heavy games
0	primarygames.com
0	aerial photos
0	www.pbs.com
0	cslb
0	mikeinbrazil
0	forclosures
0	www.websudoku.com
0	ohio.gov
0	cartoon.com
0	fsn
0	gooles
0	cs.com
0	www.fafsa.com
0	boylinks.net
0	prodcontent.appl.ge.com
0	floridadepartmentofcorrections
0	bellsouth.broaddaylight.com
0	www.texasworkforce.org
0	graduation party invitations
0	pigtailsroundasses.com
0	perfectmatch
0	espn com
0	wsb tv
0	www.cartoon network
0	harrisbank
0	cheap air
0	world
0	transmissions
0	marlboromass
0	narms
0	link2pc
0	www.tcfexpress.com
0	hcareers
0	www.thefacebook.com
0	oneforall.com
0	sheer cover
0	www.o
0	do
0	gmc.com
0	primarygames
0	car.com
0	kk
0	lasallebank.com
0	www.paypal
0	failure
0	atk natural
0	baynews9
0	pontiac.com
0	y'
0	www.zoogdisney.com
0	hoo.comhttp
0	cheapseats
0	margaritas
0	channel 12 news
0	harry potter.com
0	thesamba.com
0	ww.gmail.com
0	ederheod
0	free mature lovers
0	dressupgames.com
0	www.garmin.com
0	crayola.com
0	manpower.com
0	aol groups
0	telemundo.com
0	post gazette
0	link
0	baseballamerica.com
0	www.truckpaper.com
0	mature galleries
0	trek
0	www.bravotv.com
0	mydarlingnikki.com
0	www.freewebs
0	directmerchantsbank
0	www.math.com
0	www.long
0	www.onestop.uc.edu
0	mike
0	offender search
0	purextc
0	dbcc.edu
0	www.creditonebank.com
0	pittsburghpostgazette
0	www.bankofthewest.com
0	www.neimanmarcus.com
0	www.commercebank.com
0	albums.photopoint.com
0	www.powerrangers.com
0	spc
0	fda.gov
0	home based business
0	md.com
0	homesforsale
0	ssa.gov
0	ifrbiz.net
0	catholicsingles.com
0	sologals
0	www.aesoponline.com
0	oscn.net
0	download aim
0	delzio
0	thecrow
0	ussearch
0	drx 9000
0	bansheeweb.com
0	imhelp
0	surfshot
0	www.50 states.com
0	principle financial
0	www.google.co m
0	wamu.net
0	tommybookmarks
0	strip
0	www.ebay.comhttp
0	at.netwar.cl
0	brownt546
0	nbc.dond
0	underkaos.com
0	k mart.com
0	united country
0	runehq.com
0	poems.com
0	prowrestling
0	hairstyles.com
0	the5browns
0	www.googleearth.com
0	wxyz.com
0	pole barns
0	aol directory
0	mlol.ml.com
0	hometown
0	192.168.2.1
0	saints
0	masturbation.com
0	dkny
0	sbc.yahoo.com
0	www.cox.com
0	ww.orbitz.com
0	guitar-tabs.tabcrawler.com
0	free printable birthday invitations
0	www.branchministry.net
0	zanesvilletimesrecorder
0	ahoo.comhttp
0	msp
0	wyszukiwarki
0	jeri lee
0	free teen pics
0	donbest.com
0	z106.7
0	toilets
0	trendway
0	mytmobile
0	www.bluebook.com
0	dr 90210
0	toywiz
0	imette st. guillen
0	club
0	www.nybotlive.com
0	play games
0	nc dmv
0	www.pokemon.com
0	www.mdlottery.com
0	www.metropcs.com
0	drink recipes
0	babygap
0	imesh.com
0	survey
0	foundmoney.com
0	spelling
0	www.goog;e.com
0	penneys.com
0	f-101b photos
0	uprr
0	www.borders.com
0	dealornodeal.com
0	tqstats
0	mysoa
0	www.google.cpm
0	joelosteen.com
0	atkgallery
0	www.3gforfree.com
0	htttps
0	www.welsfargo.com
0	kingstontrioplace
0	poemas de amor
0	everythinggirl
0	sams.com
0	tumblebees
0	nycsubway
0	ethiomedia
0	aol 10.0
0	break
0	play houses
0	blocked
0	esp
0	nascar schedule
0	maoquest
0	oglobo
0	ag
0	dr seuss
0	abadboy
0	accountemps
0	hiltonheadmls
0	audienceextras
0	saturn.com
0	anathemabooks
0	www.bancopopular.com
0	www.dressupgames.com
0	pic of girls fucking
0	cb
0	cndb
0	myplace.com
0	loadfreegames.com
0	sister poems
0	stickdeath.com
0	lnt.com
0	hisd
0	bankofamerica.co
0	www.alldatazz.com
0	moving boxes
0	sexygirls
0	cityguide
0	videopost
0	tarot.com
0	mr chews
0	twcnyc.com
0	car games
0	www.wellsfago.com
0	themes
0	umdnj
0	www.pca.ne.jp
0	ncysa
0	the villages
0	harbor frieght
0	jacquielawson
0	www.pimp-text.com
0	www.kost1035.com
0	www.pornopacks.com
0	guess.com
0	bnp
0	search for people
0	wpsd tv
0	merrickbank.com
0	www.boysex.com
0	it
0	bobthebuilder
0	home 20depot
0	fcatexplorer
0	www.7cow.com
0	packing.org
0	lands end.com
0	boaters world
0	little tykes
0	1stcb.com
0	sexy videos
0	adultfinder
0	fortunoff.com
0	traviscad.org
0	lakeside.com
0	talkmatch.com
0	wtae
0	countertops
0	clipart.com
0	bananarepublic.com
0	www.white pages
0	indeed jobs
0	girl fights
0	mygaydar
0	www.daplus
0	best friends
0	auctionzip.com
0	search history
0	puzzlemaker.com
0	www.coldwatercreek.com
0	madisonsquaregarden.com
0	wellsfargofinancialbank.com
0	warattheshoretournaments
0	www.aarpmedicarerx.com
0	young models top-sites
0	hondafinancialservices.com
0	www.naughtyteensorority.com
0	download music for free
0	www.yourcardaccount.com
0	marriagemindedpeoplemeet
0	bed frames
0	truckpaper
0	free download games
0	petmeds.com
0	kim
0	movers
0	printables
0	aim .com
0	dshs
0	www.regalcinema.com
0	kbhomes
0	potterybarnkids
0	zone
0	labels
0	lipton.com
0	br http
0	auntpolly
0	cc
0	prowrestling.com
0	hipaa
0	america job bank
0	naruto.com
0	underground weather
0	prodregister.com
0	mlbtv
0	house rentals
0	rentclicks.com
0	superlotto
0	www.ourbank.com
0	orchardapply.com
0	e-mail
0	praying
0	www.avis.com
0	forever21.com
0	www.microsoft
0	robert e. lee
0	www.tasteofhome.com
0	www.dinsey.com
0	www.ocwen.com
0	popuphelp
0	scary
0	dltk
0	www.od.bizrate.com
0	tna wrestling.com
0	p.com
0	311
0	wbng tv
0	wwwmyspace
0	www.adobe.com
0	anniversary
0	www.fashiondish.com
0	kids clothes
0	www.playstation3.com
0	www.deltaairlines.com
0	www.leaguelineup.com
0	peopleconnectionhelp
0	homeq.com
0	www.nbc dond.com
0	www.photobucket
0	wtnh
0	lg appliances
0	www.eros.com
0	amandapics.com
0	northwest air
0	www.gamestop.com
0	diseny
0	sexxxhome.net
0	olga
0	domestications.com
0	wwe1
0	wines
0	el ladies
0	barely 19 gallery
0	jobnet
0	aol netfind
0	skywest.com
0	free ads
0	yahoo.games.com
0	tqd.advanced.org
0	dinette sets
0	x-files
0	brylane
0	spiegel.com
0	female models
0	wwe shop
0	regisandkelly
0	sport-expres
0	weight chart
0	www.local.com
0	birth
0	teenbodybuilding
0	yearone.com
0	ruler
0	businesses for sale
0	www.webshots.com
0	alt
0	www.amw.com
0	fmla
0	w.com
0	y.comhttp
0	baw
0	www.app.com
0	parentalcontrols
0	mtv2.com
0	irs.org
0	oln
0	download games
0	bedroom sets
0	www.continentalairlines.com
0	boxes
0	laopinion
0	george
0	catlist
0	mwww.myspace.com
0	tim
0	escort reviews
0	birthdayexpress.com
0	aol 209.0
0	beetles
0	rio
0	dvd movies
0	thomasthetankengine
0	boat seats
0	ldsplanet.com
0	statefarm
0	h ttp
0	ninatini
0	t.comhttp
0	jewelers
0	intellicast.com
0	russianwoman
0	yahoo.comm
0	abadboy.com
0	www.toysrus
0	llc
0	rivals
0	aolcards
0	amg lite
0	www.newsday.com
0	www.myspac.ecom
0	animalporn
0	www.aim
0	william
0	skirts
0	amc movies
0	usa973
0	www.viptgpclub.com
0	www.nhl.com
0	cheeks
0	uspo
0	aimexpress
0	orghttp
0	www.real-farm-sex.com
0	women fucking animals
0	www.redheadmania.com
0	blackexoticdancers.com
0	www.glittermaker.com
0	lolita.lolitadaily.com
0	www.checksconnect.com
0	http www.biotechne.com
0	nfl mock drafts
0	www.nextpimp.com
0	allposters.com
0	shout.pixelbee.net
0	business
0	www.es
0	www.payless.com
0	kiddonet.com
0	citizens
0	ayutla.com
0	gazette
0	www.migente.com
0	www.papajohns.com
0	samsclubcredit.com
0	playhouse plans
0	googlcom
0	www.qvc
0	beach chairs
0	imagenetion
0	nsbank
0	webdate
0	teamsite-uat
0	gross
0	reverse numbers
0	www.yahoo.ocm
0	tangowire.com
0	www.zacefronfan.org
0	us.ebayobjects.com
0	roomstogo.com
0	country decorating
0	ashleyfurniture
0	dark harzions . com
0	address look up
0	lcd tv
0	www.wamu
0	wwwyahoo
0	www;google.com
0	e3.com
0	ww.delta.com
0	download songs
0	www.googl.ecom
0	elenasclub.com
0	farm
0	www.mayoclinic.com
0	www.cheri.com
0	bonus.com
0	troweprice.com
0	movies unlimited
0	transunion.com
0	medical terms
0	timesunion.com
0	inmate
0	hotsavings
0	simslots..com
0	onlinecci
0	hotsex
0	carebears.com
0	ps3.com
0	cadillac.com
0	flight
0	hugecocks
0	realty one
0	milfseeker.com
0	encalzoncillos.com
0	www.yahoo.games.com
0	kazza.com
0	www.finishline.com
0	oral
0	www.teensex.com
0	www.illinoislottery.com
0	lowestpricetrafficschool.com
0	www.crazymonkeygames.com
0	www.enterprisecarrental.com
0	www.cingularwireless.com
0	www.kingdomhearts2.com
0	www.americangreetings.com
0	freeannualcreditreport.com
0	www.round and brown.com
0	http fileforum.betanews.com
0	www.fickboard.com
0	dallasmorningnews
0	www.deluxe.com24
0	wwwunivision.com
0	mark sawyers
0	raiders report
0	ratemycameltoe
0	thelimited.com
0	aol com
0	www.myspace. com
0	register pajaronian
0	weight watchers.com
0	duluthnewstribune
0	oc
0	beauty
0	real girls nacked
0	myrtlebeach
0	lost lovers
0	dress
0	aolfreegames
0	speakers
0	iupui
0	bny
0	members1st.org
0	valottery.com
0	travel maps
0	armoires
0	www.fox.com
0	lvarmls
0	aol sounds
0	mlb scores
0	ajcjobs.com
0	big girls
0	amsouthbank.com
0	newyorkyankees.com
0	arlanas corner
0	www.mail.com
0	military schools
0	utsa
0	picture.com
0	www.cokerewards.com
0	wwwtravelocity.com
0	conair.com
0	cash
0	limited too.com
0	used textbooks
0	monstercocks
0	x3
0	abcteach
0	www.bargain.com
0	psp.com
0	ww.wwe.com
0	sexy old ladies
0	89.c0m
0	ds
0	new account
0	firstcapitalfcu
0	myhealthevet
0	wlox.com
0	chevychasebank
0	www.peoplefinders.com
0	charlotteobserver.com
0	www.pennysaverusa.com
0	what's new with hugh
0	www.fuckastranger.com
0	dickssportinggoods.com
0	noaa weather
0	wwwaol.com
0	nsbank.com
0	njchildsupport
0	short poems
0	media.hamncheez.com
0	kid boys
0	love poems.com
0	breeze-courier
0	linensandthings
0	automart
0	http the n.com
0	providianonline.com
0	edhelper
0	peoplefinder
0	companion settings
0	funny songs
0	kingsborough
0	www.citibank
0	cefcu.com
0	disneychannle
0	huntington.com
0	wnbc
0	ask.
0	free grants
0	www.experian
0	c-span
0	www.girls.com
0	short jokes
0	hotsex.com
0	designer dresses
0	biblegateway.com
0	tennis-x
0	dragonballz.com
0	ncaa scores
0	www1.profitfree.com
0	acmoore
0	textbooks
0	frostbank
0	nackvision.com
0	downelink
0	9 news
0	statistics
0	www.evergirl.com
0	dc
0	action
0	so
0	sss.gov
0	www.19nitten.com
0	unc
0	fu
0	devryu.net
0	www.googlr
0	www.assparade.com
0	free galleries
0	sam
0	showmeyourwife.com
0	brdteengal
0	www.prudential.com
0	www.fox
0	dmv.org
0	ubhonline.com
0	beteagle
0	www.g4tv
0	party decorations
0	hoops
0	the avenue
0	mapsonus
0	www.porno.com
0	gene1960
0	www.quizzes.com
0	uuphorasv0.sea2.cmates.com
0	www.veryfastsearch.com
0	www.martha stewart.com
0	www.prudentialrand.com
0	www.123myspaceisfun.com
0	www.americancancersociety.com
0	perthmilitarymodelling
0	www.rapidcityjournal.com
0	make up
0	www.mem.com
0	sexy tan bodies
0	male stories
0	gactv
0	wwwrealtor.com
0	surface
0	sharp
0	watchdog.com
0	www.netflex.com
0	whosonmypage
0	ana
0	acv1vsite735414890
0	www.yahoomap.com
0	ntb.com
0	adam&eve
0	bielizna
0	wwww.my
0	saints report.com
0	n2.umicache.com
0	ftd flowers
0	www.codejunkies.com
0	fullchain.net
0	123codes.com
0	thesauras
0	chuckecheese.com
0	iconator.com
0	mother's day quotes
0	jigsawpuzzles
0	gallery pics
0	pacareerlink
0	myfreeones
0	trader
0	wfs financial
0	bassproshop
0	cuoftexas
0	www.lionmovies.com
0	stickyhole.com
0	pantymedias
0	spiritdaily org
0	download aol
0	www.ebaumsworld
0	aunt judys
0	car trader
0	www.edd.gov
0	musica cristiana
0	ww.capitalone.com
0	tummytuckjeans
0	www.nbc.dond
0	womens health
0	curves.com
0	ufc.tv
0	kitco.com
0	bankoamerica.com
0	sisters
0	www.googlcom
0	ratemy
0	aol aim
0	allegiantair.com
0	tatouage
0	usedcars.com
0	www.louis vuitton.com
0	www.chicagohoodz.com
0	register.mgisoft.com
0	www.topless babes.com
0	www.adobeacrobat.com
0	www.virginmobile.com
0	www.bloomingdales.com
0	cardmemberservices.com
0	www.perfectmatch.com
0	raymour and flannigan
0	www.westernunion.com
0	www.girlgonewild.com
0	imgs.klikvipsearch.com
0	thunderbeach
0	automart.com
0	realator.com
0	livio.com
0	fcc.gov
0	kay jewlers
0	free recipes
0	106andpark
0	unclaimedmoney
0	searchprogress.com
0	journals
0	www.bcbs.com
0	incestquest
0	rentnet.com
0	tdbanknorth.com
0	weatherchanel.com
0	sbpg.net
0	bobbrinker.com
0	hotghettomess.com
0	www.fasfa.edu.gov
0	www.myspac
0	maturesexdates.com
0	aolbilling
0	www.craigs list.com
0	getloaded.com
0	createblog.com
0	shapes
0	amandalist
0	ghanaweb
0	5 3 bank
0	playgirl.com
0	uspostoffice
0	fp5 link
0	www.myspace.coim
0	www.foxtv.com
0	fix
0	e-40
0	cool pics
0	crunk-beatz.net
0	www.tagworld.com
0	nlada
0	ww.neopets.com
0	mapq
0	job listings
0	www.dre.ca.gov
0	myspcae
0	census.gov
0	cubs.com
0	artist
0	www.i
0	crown
0	wnbc.com
0	ap
0	songlyrics
0	90minut
0	teen boys
0	foodnet.com
0	www.mrwiggleshiphop.net
0	www.customer.countrywide.com
0	www.petitesophisticate.com
0	www.disneychannel .com
0	www.aigannuityaccess.com
0	aolgreetingcards
0	mizuno.com
0	gayporn
0	mia
0	bakershoes.com
0	younggirls
0	partner promotion
0	gallview
0	hills have eyes
0	3abn
0	deaths
0	jennifer
0	53 bank
0	cool backgrounds
0	www.google.conm
0	californiamoves.com
0	mnlottery
0	ticketmasters
0	hersheys.com
0	century 21.com
0	pimp4day
0	cheap airlines
0	ww.dell.com
0	nccash.com
0	funjet vacations
0	ask.comhttp
0	smut.com
0	ucreditu.com
0	l.comhttp
0	uhttp
0	daytime dollars.com
0	www.a1galleries.com
0	wall art
0	www.disny.com
0	nbc dond.com
0	wwii
0	nubienudes
0	eagles.com
0	adamandeve
0	www.newgrounds
0	www.at&t.com
0	amazon.co
0	housing
0	joj.sk
0	www.poker.com
0	www.phila.gov
0	www.my.t-mobile.com
0	amozon
0	freeheaven
0	priceless420.
0	familysex
0	timesleader.com
0	counter tops
0	ww.m
0	orientaltrading
0	hoosierlottery
0	pe
0	www.aa
0	myshttp
0	m&m
0	88sears.com
0	keysnews com
0	wacovia.com
0	www.dealornodeal.com
0	http www.my scene.com
0	www.disneychannle.com
0	bravenewworldtgp.com
0	home based businesses
0	southwestairline.com
